actual,predicted,residual
0.477,0.7191228416019086,-0.24212284160190867
0.458,1.7640165706624131,-1.3060165706624132
5.00001,2.7096588334317104,2.290351166568289
2.186,2.8389259301839402,-0.6529259301839403
2.78,2.604657251810295,0.17534274818970497
1.587,2.0117536732499346,-0.4247536732499346
1.982,2.645500049376615,-0.663500049376615
1.575,2.1687553212870796,-0.5937553212870796
3.4,2.740746441138498,0.659253558861502
4.466,3.915614725032448,0.5503852749675522
1.232,0.9389615628097729,0.29303843719022704
2.539,1.9012217664440882,0.6377782335559119
2.151,1.758711781102697,0.3922882188973027
2.205,2.2501597954690524,-0.045159795469052355
2.198,2.540869758213873,-0.3428697582138729
1.362,1.917404902008748,-0.5554049020087479
1.784,2.3864829489270676,-0.6024829489270676
1.875,2.010930324963951,-0.13593032496395097
1.398,2.227409336660955,-0.829409336660955
1.375,1.1185315173418005,0.25646848265819955
4.25,2.9331307915130864,1.3168692084869136
4.056,2.6609362120340876,1.3950637879659125
1.388,1.8776690795225122,-0.48966907952251226
5.00001,3.351918252266266,1.6480917477337336
1.621,2.24464196581922,-0.6236419658192198
0.514,0.9014366008493511,-0.38743660084935105
1.513,1.8449955988427504,-0.33199559884275054
0.948,1.6369502962777602,-0.6889502962777603
2.041,1.9188916718833582,0.12210832811664174
3.615,3.254264392650981,0.3607356073490191
0.851,1.5716906637246453,-0.7206906637246453
1.384,1.1268222788358244,0.2571777211641755
1.375,2.057565865228149,-0.682565865228149
4.65,3.6881241612354287,0.9618758387645716
2.718,2.4135484193871335,0.3044515806128665
2.394,2.553974715462239,-0.15997471546223885
3.409,2.797544386143997,0.6114556138560028
1.504,1.853904562565745,-0.3499045625657451
1.281,1.0815874645091696,0.19941253549083027
1.56,1.8522518000543968,-0.29225180005439677
2.581,3.098238257132394,-0.5172382571323939
0.905,1.4246318772124908,-0.5196318772124908
0.713,1.0443323247164358,-0.3313323247164358
2.197,2.0605114696628064,0.13648853033719366
1.51,1.7597450934273482,-0.24974509342734819
2.901,1.896265023372088,1.004734976627912
1.42,2.016485599438127,-0.5964855994381271
2.915,1.8442863810169001,1.0707136189831
2.554,2.071147979571627,0.4828520204283726
0.981,1.44277603303523,-0.46177603303522996
2.519,2.403725497017277,0.11527450298272335
1.621,1.7266098459317263,-0.10560984593172629
1.294,1.8725118117001784,-0.5785118117001784
0.894,0.7256364130570248,0.16836358694297526
1.505,1.8786128711213124,-0.3736128711213125
1.338,2.0882164715897744,-0.7502164715897743
0.804,0.8460960843296874,-0.04209608432968737
2.111,2.462232577520531,-0.35123257752053094
2.556,2.4946816806325884,0.06131831936741161
2.145,2.1889535134438702,-0.04395351344387022
5.00001,2.539225089244624,2.4607849107553754
2.021,1.8769763366757957,0.14402366332420424
0.815,1.1190117144007061,-0.3040117144007062
0.988,1.2997807011953668,-0.3117807011953668
2.819,2.9863747197851183,-0.1673747197851183
1.846,2.1845794811578756,-0.3385794811578755
2.547,1.7890926159450302,0.7579073840549699
1.431,1.942151280229261,-0.511151280229261
1.625,1.5668682865683508,0.058131713431649246
1.426,1.725606636938302,-0.29960663693830214
0.859,0.1946637163620224,0.6643362836379776
1.869,2.693080791720689,-0.8240807917206892
0.713,1.2409240286555487,-0.5279240286555488
1.744,1.9532269937099613,-0.20922699370996134
2.25,2.1936236509612854,0.05637634903871458
1.465,2.0082200466688533,-0.5432200466688533
4.05,3.326979434544235,0.7230205654557649
1.896,2.080108428597441,-0.18410842859744125
1.644,2.4089944439590383,-0.7649944439590384
3.375,1.8382306119046703,1.5367693880953297
0.725,0.7684447087915132,-0.04344470879151319
1.438,1.6140949346810913,-0.1760949346810914
1.6,1.5899636983746248,0.010036301625375277
1.181,1.372638571336772,-0.19163857133677187
3.74,3.4496622406454023,0.29033775935459794
2.027,2.4618166014414697,-0.4348166014414696
0.966,1.4954308435901424,-0.5294308435901425
0.658,0.7913581855527738,-0.1333581855527738
1.674,1.6077840082750257,0.06621599172497428
1.798,1.9360420895810933,-0.1380420895810932
0.967,1.884167677394828,-0.917167677394828
2.661,2.412443253652981,0.24855674634701908
0.911,1.6261902585257246,-0.7151902585257246
0.498,0.7606505487996031,-0.26265054879960315
0.907,0.975041018260022,-0.06804101826002196
1.158,1.4924054693282756,-0.33440546932827564
2.786,2.6825868140803593,0.10341318591964077
2.5,1.6620203205099884,0.8379796794900116
0.85,1.8133871560519381,-0.9633871560519381
1.77,2.1204431972629294,-0.3504431972629294
0.997,1.5177695652369891,-0.5207695652369891
3.576,4.096001257631443,-0.5200012576314426
4.75,2.6265183079880288,2.1234816920119712
2.736,3.0304933046637643,-0.2944933046637641
1.824,2.2131312474245206,-0.38913124742452054
1.578,1.8593113575320999,-0.2813113575320998
1.938,1.6427450555800576,0.2952549444199424
3.336,2.824612248253274,0.5113877517467258
2.646,2.3611463916505357,0.28485360834946416
0.584,1.2320335109798108,-0.6480335109798109
1.734,1.9289923732177385,-0.19499237321773855
2.148,2.519147011678278,-0.371147011678278
2.0,4.946137379254743,-2.9461373792547434
4.228,3.6668518292626047,0.5611481707373951
0.936,1.4638287716867637,-0.5278287716867637
1.222,2.059267926726747,-0.8372679267267471
1.676,2.115746266185049,-0.43974626618504886
3.036,2.3142217193554018,0.7217782806445983
2.693,2.4524461451491746,0.24055385485082548
2.644,2.307559364746936,0.336440635253064
1.91,1.740760779396929,0.16923922060307084
1.538,2.2100245441730877,-0.6720245441730877
2.755,2.980787035573556,-0.22578703557355606
2.088,1.5888280489837214,0.49917195101627865
1.423,1.6467605899771343,-0.22376058997713422
0.635,1.1234679680131592,-0.48846796801315917
0.958,0.7616710856200513,0.1963289143799487
2.317,1.937716892785403,0.37928310721459724
2.215,1.9968913303591904,0.21810866964080944
0.895,1.4727312426811423,-0.5777312426811423
2.26,2.712105705065035,-0.4521057050650352
5.00001,6.801288273985399,-1.8012782739853996
2.702,2.8644523205024512,-0.1624523205024513
0.596,1.1837814693582374,-0.5877814693582374
1.933,2.0314184744811854,-0.09841847448118535
1.336,1.2912917551629235,0.04470824483707658
1.619,2.581582069537035,-0.9625820695370348
3.575,2.4562543339604375,1.1187456660395627
2.765,2.2667480050483775,0.49825199495162265
4.107,2.702790921745681,1.4042090782543193
3.75,1.654546109633543,2.095453890366457
1.352,1.6799270980635086,-0.3279270980635085
1.672,1.7917488631281415,-0.11974886312814159
2.52,1.8414144115505522,0.6785855884494478
3.084,3.82982024958158,-0.74582024958158
1.721,1.598718185619532,0.12228181438046803
5.00001,3.404945536386542,1.5950644636134577
1.938,1.7242316051697344,0.21376839483026555
1.052,0.4660849883487117,0.5859150116512883
0.908,1.1812249138036748,-0.27322491380367475
1.688,1.5096587656431666,0.17834123435683336
1.621,1.4599839081560333,0.1610160918439667
1.612,2.260846402164532,-0.6488464021645317
1.375,1.64981220806974,-0.27481220806973994
2.893,2.506424683699443,0.38657531630055697
2.787,2.796985996833712,-0.00998599683371193
1.617,2.2407446373688984,-0.6237446373688984
2.31,2.649066295919532,-0.33906629591953186
0.875,0.8820853140279183,-0.0070853140279183435
0.957,1.3508426913940141,-0.3938426913940142
2.406,2.8249173666767433,-0.4189173666767432
2.141,1.969087767502323,0.17191223249767695
4.286,3.676667644306775,0.6093323556932244
1.25,1.8415666791187988,-0.5915666791187988
0.764,0.34446708066531784,0.4195329193346822
2.638,3.2177459861892572,-0.5797459861892573
1.204,2.0353086975866432,-0.8313086975866433
1.091,1.1309081273244814,-0.03990812732448146
1.706,1.8397285813735635,-0.13372858137356358
2.574,2.880049644355587,-0.30604964435558735
3.2,2.911996623649877,0.2880033763501233
2.896,2.2086433844433415,0.6873566155566584
3.073,2.73591557016978,0.3370844298302198
3.255,2.9949530515667533,0.2600469484332466
0.584,0.3805509968683154,0.20344900313168457
0.485,-0.5910847565070512,1.076084756507051
2.167,1.359769412844571,0.8072305871554288
0.979,1.4071900671098305,-0.42819006710983054
1.586,1.4578148839968819,0.12818511600311822
0.69,0.9321247706879348,-0.2421247706879348
3.223,3.048582430350436,0.174417569649564
4.677,3.4160187846336854,1.2609812153663142
1.63,1.975348693942422,-0.3453486939424222
2.871,2.718639130160824,0.15236086983917607
0.546,0.5792985590659399,-0.033298559065939815
0.904,1.1762920799672116,-0.2722920799672116
1.555,1.7833852941907722,-0.22838529419077225
1.75,1.7125393740906034,0.03746062590939658
4.112,4.088092333574849,0.023907666425150964
3.321,2.0954750268095097,1.2255249731904905
1.412,2.05508984982923,-0.6430898498292299
2.471,2.872825259460697,-0.401825259460697
1.53,1.5672814015811056,-0.0372814015811056
1.55,2.0653980879373606,-0.5153980879373605
3.908,0.8678058396768549,3.040194160323145
0.9,1.0131006100527387,-0.11310061005273864
1.967,2.296450442119543,-0.3294504421195428
0.682,0.9824983915348113,-0.3004983915348113
5.00001,5.096408163745444,-0.09639816374544452
0.921,1.7266509555205616,-0.8056509555205615
2.979,2.393659306971834,0.5853406930281659
5.00001,4.497722814211372,0.502287185788628
3.323,2.8180309013560603,0.5049690986439397
1.711,2.505267323729882,-0.7942673237298818
1.521,2.4139466319341807,-0.8929466319341808
2.32,2.0668007516266442,0.2531992483733556
1.271,0.4939039525341755,0.7770960474658244
0.875,0.6352749296389533,0.23972507036104673
2.034,2.393008041280339,-0.35900804128033936
2.286,2.0226614072877567,0.26333859271224336
1.167,1.8183910082868096,-0.6513910082868095
4.167,5.766562333617138,-1.599562333617138
2.276,3.000337979757866,-0.7243379797578662
2.679,3.00291018431286,-0.3239101843128602
0.972,1.7264799896647247,-0.7544799896647247
1.375,1.7336555585349203,-0.35865555853492026
1.988,1.851770955385561,0.13622904461443897
0.686,0.7860424604994947,-0.10004246049949461
3.525,2.4516151162623814,1.0733848837376185
1.038,1.6837798154077745,-0.6457798154077745
1.078,0.3535817173632836,0.7244182826367165
1.317,1.4996478076666406,-0.18264780766664068
2.713,2.7929334150750407,-0.07993341507504059
0.973,1.8293403269643775,-0.8563403269643776
0.95,1.6894033439983787,-0.7394033439983787
0.675,1.233157093787824,-0.558157093787824
3.261,2.6047084110877137,0.6562915889122864
0.656,0.538976575742744,0.11702342425725598
2.256,2.396347412532421,-0.14034741253242133
2.638,2.3990775376746356,0.2389224623253643
3.483,2.7018121558658095,0.7811878441341906
3.25,2.204924317434923,1.045075682565077
1.088,1.4431439068201257,-0.35514390682012564
4.0,2.929136949901242,1.0708630500987582
1.384,0.7371076675828832,0.6468923324171167
0.61,1.1018613661764363,-0.4918613661764363
4.531,3.9351928831697336,0.5958071168302661
5.00001,4.5145762465393275,0.4854337534606721
1.202,1.9858353567171108,-0.7838353567171108
3.292,2.7363638652184434,0.5556361347815564
1.963,2.1490374651350166,-0.1860374651350165
1.5,1.4334008770178173,0.06659912298218273
1.52,1.9170516285807153,-0.3970516285807153
1.699,1.7095714661660395,-0.010571466166039434
1.375,1.1981309961115727,0.1768690038884273
2.83,2.4637613461519763,0.3662386538480238
4.045,2.829249724303807,1.2157502756961929
1.935,2.483434675260362,-0.5484346752603622
2.051,2.66336447782858,-0.6123644778285797
1.456,1.5559502743931048,-0.09995027439310489
2.25,1.0501745190083227,1.1998254809916773
2.159,2.3268576985975002,-0.16785769859750044
1.585,1.9828015388711222,-0.39780153887112224
1.247,1.9311815603019298,-0.6841815603019297
0.654,0.4570987837714995,0.19690121622850054
2.802,2.6689816234870634,0.1330183765129367
1.805,1.7012303081441402,0.10376969185585971
1.054,1.6082926980163563,-0.5542926980163563
1.0,1.1753571317272602,-0.1753571317272602
1.663,1.5910546700274537,0.07194532997254632
1.58,3.170831081109931,-1.5908310811099309
2.438,2.486681891461359,-0.048681891461358706
3.629,3.7221839950255244,-0.09318399502552444
2.019,2.5096347335243365,-0.4906347335243364
0.526,-0.6881221826726289,1.214122182672629
5.00001,2.8733336288439517,2.126676371156048
1.12,1.68765007820258,-0.56765007820258
2.25,2.1817830925784563,0.06821690742154374
4.399,3.385570483140846,1.013429516859154
0.883,1.2269711903920637,-0.3439711903920637
5.00001,7.01641034770855,-2.016400347708551
2.768,2.18636903270626,0.5816309672937399
1.792,1.9869838642410471,-0.19498386424104708
1.997,2.0612541849127837,-0.06425418491278356
1.32,1.1445710657181039,0.1754289342818962
0.613,1.427798414106185,-0.814798414106185
1.719,2.5189183688061973,-0.7999183688061973
1.238,1.15415257702508,0.08384742297491998
1.353,1.1248742782884378,0.2281257217115622
1.371,2.112995633313652,-0.7419956333136519
1.293,1.914679583202748,-0.621679583202748
2.279,2.3541745655385,-0.0751745655385001
0.944,1.176890029266481,-0.23289002926648106
1.035,1.9492425219493654,-0.9142425219493655
3.208,2.1296704734527765,1.0783295265472237
1.25,3.7454535700306266,-2.4954535700306266
3.324,3.253019909587451,0.07098009041254905
1.591,1.931543178788388,-0.34054317878838813
2.369,3.3035224929778124,-0.9345224929778122
4.616,4.097177916950109,0.5188220830498906
1.569,1.9573036386393952,-0.3883036386393952
1.482,1.6955332243690933,-0.21353322436909328
1.665,1.8902435850209756,-0.22524358502097552
1.969,1.5158711779431542,0.4531288220568459
1.678,1.9225659238075963,-0.24456592380759634
1.267,0.9642895859737379,0.302710414026262
5.00001,2.3444598401408356,2.655550159859164
0.579,0.4887530967339231,0.09024690326607687
2.38,2.8352336420783573,-0.45523364207835737
1.42,2.277866299559278,-0.8578662995592783
0.869,0.6686575208290151,0.2003424791709849
0.56,0.7134624036641526,-0.15346240366415254
5.00001,3.6993011058084377,1.3007088941915619
1.124,1.7681151900244387,-0.6441151900244386
0.636,1.4210875165216024,-0.7850875165216024
4.313,3.90854329856122,0.40445670143877965
2.659,1.7230026056466983,0.9359973943533015
0.58,1.143254499837397,-0.5632544998373971
1.941,3.154155211930785,-1.2131552119307851
1.428,1.9618945712156588,-0.5338945712156589
1.787,1.7015992010390093,0.08540079896099062
1.875,1.2890928132567439,0.5859071867432561
2.25,2.392649664937565,-0.14264966493756503
3.13,2.706846619675595,0.42315338032440497
5.00001,6.5234958999210235,-1.523485899921024
1.536,2.0489173954024196,-0.5129173954024195
0.623,1.034999424221155,-0.4119994242211551
1.945,1.4799773278494115,0.46502267215058857
1.639,2.0639634624273384,-0.4249634624273384
3.988,3.5222289604601116,0.4657710395398884
2.041,2.8012945836559098,-0.7602945836559099
1.993,2.8367546419722984,-0.8437546419722983
1.767,1.622759332970432,0.14424066702956795
5.00001,4.420789237090418,0.579220762909582
2.489,2.517762897083287,-0.028762897083287164
1.5,1.8319608901036801,-0.33196089010368013
2.317,2.0368080365914736,0.2801919634085266
0.58,0.749148584634483,-0.169148584634483
1.26,1.1661550783966064,0.09384492160339364
1.633,1.867274928272444,-0.2342749282724439
1.134,1.373715730746781,-0.2397157307467812
3.0,2.638989517246678,0.36101048275332204
3.109,3.0197954333339823,0.08920456666601773
2.188,2.1600924565978374,0.027907543402162727
0.704,1.15660141040631,-0.4526014104063101
2.377,2.9875977547430494,-0.6105977547430497
1.188,1.3250304798634502,-0.1370304798634503
0.731,0.43349353928051926,0.2975064607194807
0.75,0.930329064451044,-0.18032906445104402
4.507,3.9748881957243682,0.5321118042756314
2.402,2.621861884635301,-0.21986188463530087
0.658,0.6921939142901294,-0.03419391429012941
0.647,0.25947044522530405,0.387529554774696
1.751,2.4722841706475833,-0.7212841706475834
2.237,2.121594002945791,0.11540599705420895
0.963,1.356960270917611,-0.393960270917611
4.051,3.248030966691026,0.8029690333089743
3.768,3.093157992624981,0.6748420073750188
5.00001,5.432126733327536,-0.4321167333275362
3.5,2.2394115161090653,1.2605884838909347
1.625,1.4167793318306607,0.20822066816933926
1.773,2.0105153458164793,-0.23751534581647937
0.984,1.2987466710063273,-0.31474667100632736
1.388,0.43620801710292767,0.9517919828970722
1.75,2.5305650020735513,-0.7805650020735513
2.609,2.2050962633524662,0.40390373664753376
1.047,0.33143258169118894,0.715567418308811
1.595,2.3208118744295874,-0.7258118744295874
2.959,2.819313367055422,0.13968663294457828
1.375,2.201792724289014,-0.8267927242890138
5.00001,3.8089515017736346,1.191058498226365
2.27,2.5683177140745457,-0.29831771407454566
2.639,2.016727647737767,0.6222723522622329
1.604,1.6555843543140796,-0.051584354314079484
1.42,1.9459029710374622,-0.5259029710374623
1.625,2.2667592387815674,-0.6417592387815674
2.304,2.1767784386598663,0.12722156134013352
5.00001,3.863440752072748,1.1365692479272518
2.177,2.6685876886124404,-0.4915876886124404
1.83,2.289962976854497,-0.45996297685449683
2.458,2.131142767520309,0.326857232479691
1.292,1.3653952536187575,-0.07339525361875743
0.604,0.5102912369374479,0.09370876306255205
0.675,1.1438256547431038,-0.4688256547431038
2.952,2.730460295264166,0.22153970473583406
1.926,2.6535769177100335,-0.7275769177100335
1.506,2.141625553006243,-0.6356255530062429
1.257,1.8765237875748255,-0.6195237875748256
0.634,0.8975523659648275,-0.26355236596482745
1.513,1.4001933216486577,0.11280667835134217
2.456,3.045128226510897,-0.5891282265108972
5.00001,5.226939569568515,-0.22692956956851518
1.655,2.4633926811673845,-0.8083926811673845
1.135,1.4219549136732468,-0.28695491367324677
3.222,2.2712332755228672,0.9507667244771327
3.625,2.2731188215367126,1.3518811784632874
0.696,0.8974290749621545,-0.20142907496215456
1.561,1.9326040512530511,-0.3716040512530512
0.875,1.584136807424045,-0.709136807424045
1.931,2.0361130480573593,-0.10511304805735922
2.18,2.2804896915866877,-0.10048969158668752
1.018,1.6487842128200185,-0.6307842128200185
1.291,1.453218644995843,-0.16221864499584315
1.563,1.4838252917468466,0.07917470825315331
1.832,2.325208203317949,-0.493208203317949
1.481,1.8135488635528318,-0.33254886355283175
5.00001,6.9135570011412995,-1.9135470011412998
2.221,2.895970854787059,-0.674970854787059
1.676,2.2447409927793345,-0.5687409927793345
1.845,1.6815884446852962,0.16341155531470375
3.7,2.53355718077362,1.16644281922638
2.394,2.4617780410875554,-0.06777804108755525
1.667,2.155014620500161,-0.488014620500161
2.333,1.546872216203134,0.7861277837968661
2.4,2.1293901460269,0.2706098539731001
0.913,0.4192621153639351,0.49373788463606494
4.835,3.9647122842002176,0.8702877157997824
1.505,2.254673549961346,-0.7496735499613463
0.995,1.0136398380911302,-0.018639838091130234
2.402,1.8416691008718473,0.5603308991281528
0.955,1.9044027472603915,-0.9494027472603915
5.00001,4.895849343793259,0.10416065620674075
2.516,2.3321770961647914,0.1838229038352086
1.208,1.036580343621047,0.17141965637895296
1.357,1.4851791293975793,-0.12817912939757936
2.254,2.755017976761657,-0.5010179767616569
5.00001,2.3306767097626278,2.669333290237372
0.851,0.17059786064643134,0.6804021393535686
5.00001,2.838834545164488,2.1611754548355115
1.648,1.9851218078811996,-0.3371218078811997
1.116,0.9940685326250787,0.12193146737492144
1.61,1.3918581504502257,0.21814184954977445
2.137,2.3156013673912597,-0.17860136739125965
1.165,1.008565645060031,0.15643435493996893
3.5,5.2775523152809,-1.7775523152809
1.599,2.4972522275633153,-0.8982522275633154
4.383,1.980888702575669,2.402111297424331
1.711,2.4345031465775193,-0.7235031465775192
2.711,2.2436380052010136,0.4673619947989862
5.00001,1.9108669679259478,3.089143032074052
0.68,1.4020604760395443,-0.7220604760395443
1.917,1.8424188800457628,0.07458111995423722
2.559,2.786579607503164,-0.22757960750316375
1.125,1.6878748601452003,-0.5628748601452003
1.822,1.8864846515976197,-0.06448465159761962
3.476,2.848559487760973,0.6274405122390272
3.32,2.94104889240964,0.37895110759036
1.109,1.1848601644564454,-0.07586016445644539
2.119,2.079591586604451,0.039408413395549236
2.625,2.4150186401510396,0.20998135984896038
2.379,2.3828068233132242,-0.003806823313224239
0.9,1.8563442356783924,-0.9563442356783923
4.272,2.6931749323544025,1.5788250676455977
3.705,2.9661606868217305,0.7388393131782696
1.163,0.7692658689666132,0.39373413103338684
1.708,1.686327251972635,0.021672748027364852
2.855,3.2872556820401115,-0.43225568204011156
1.115,1.6455467558705976,-0.5305467558705976
0.832,1.5725398612065717,-0.7405398612065718
2.482,2.64749618776586,-0.16549618776585984
3.955,2.863441758179256,1.091558241820744
2.183,1.8710768869363292,0.3119231130636706
5.00001,3.8942619667269582,1.1057480332730414
0.889,0.7514515063068004,0.13754849369319966
1.81,1.9980623452473552,-0.1880623452473551
2.809,3.20789722563552,-0.3988972256355199
3.453,1.982903863316956,1.4700961366830438
1.81,2.3652802748939266,-0.5552802748939265
1.922,2.6581166764379915,-0.7361166764379916
0.781,0.1187957746024253,0.6622042253975747
0.75,0.8564740449852835,-0.10647404498528346
4.333,3.812334034874752,0.5206659651252483
1.601,2.015719397153603,-0.4147193971536032
1.092,1.063475347597084,0.02852465240291613
0.962,1.3988257866691924,-0.4368257866691925
1.914,1.4684032929933792,0.4455967070066207
3.6,0.949128433534149,2.650871566465851
1.856,2.524083105596354,-0.6680831055963539
1.188,0.8013933865457616,0.3866066134542383
1.227,1.405601811797709,-0.17860181179770884
2.063,2.0634259149160243,-0.00042591491602417264
1.956,1.8443661330820262,0.11163386691797372
0.756,1.7020388534416355,-0.9460388534416355
1.043,0.972927415660827,0.07007258433917296
3.859,2.363458458617714,1.495541541382286
1.139,1.7844521829653317,-0.6454521829653317
0.794,1.5867546380650452,-0.7927546380650452
0.813,0.8880393292107058,-0.07503932921070589
1.292,1.9487904539946612,-0.6567904539946612
0.735,0.9159443075558897,-0.18094430755588975
1.759,2.317241891534003,-0.5582418915340033
1.424,2.048905316504822,-0.624905316504822
2.341,1.9255907463039748,0.41540925369602544
2.867,2.4295106199271643,0.43748938007283567
0.925,1.4679946569774742,-0.5429946569774742
1.701,1.9639336793252369,-0.2629336793252368
1.618,2.2355624080078016,-0.6175624080078015
2.253,2.6442809201636024,-0.3912809201636023
1.706,1.7657994259134568,-0.05979942591345688
3.194,2.0768942190124022,1.1171057809875977
0.958,1.5385758976710164,-0.5805758976710165
0.734,0.9259081486902119,-0.1919081486902119
0.936,0.7394743429530024,0.19652565704699765
0.517,0.732899222918661,-0.21589922291866104
3.587,2.25113112730763,1.33586887269237
0.647,0.7480358978533204,-0.10103589785332034
3.442,2.8810192348839365,0.5609807651160637
3.14,3.0073414418578963,0.1326585581421038
1.857,1.9793402956314736,-0.12234029563147364
2.793,2.5642898029156953,0.22871019708430484
1.194,2.2113174843018655,-1.0173174843018655
2.804,3.024962971039784,-0.22096297103978424
1.871,2.1413465022856215,-0.2703465022856215
0.838,0.8034699774977199,0.0345300225022801
3.093,2.1275671612150475,0.9654328387849525
2.292,2.8670732303522684,-0.5750732303522685
2.45,2.1543100377533833,0.2956899622466169
2.276,3.0324012352961702,-0.7564012352961704
5.00001,2.852087325373141,2.1479226746268587
3.208,2.4670524685055994,0.7409475314944007
1.473,1.2556804358745524,0.21731956412544773
1.623,2.4123347705713414,-0.7893347705713414
2.659,3.045659069742314,-0.386659069742314
5.00001,3.756642591369136,1.2433674086308635
1.891,2.2257583214537746,-0.3347583214537746
3.164,3.2047098738368973,-0.04070987383689717
1.819,1.7497183341711207,0.06928166582887929
2.615,2.0465211908726104,0.5684788091273898
0.69,0.7150780470897189,-0.025078047089718947
1.813,2.064252041749917,-0.2512520417499171
2.93,2.7395870047959647,0.19041299520403543
1.111,1.7245674114059142,-0.6135674114059142
2.183,2.72382850446467,-0.5408285044646703
1.472,1.6446283279475793,-0.17262832794757932
2.438,1.8341906809596225,0.6038093190403777
2.23,2.140293211054562,0.08970678894543793
1.375,1.605228127456222,-0.2302281274562219
0.606,0.253053368462524,0.35294663153747596
2.75,0.0499708346964951,2.700029165303505
3.5,2.0369817881478554,1.4630182118521446
1.712,1.6970893079921368,0.014910692007863213
0.835,2.0114710469067987,-1.1764710469067987
2.25,2.2763833459078384,-0.026383345907838418
1.656,1.9651428420941244,-0.30914284209412446
1.52,2.1255678863165315,-0.6055678863165315
1.92,2.0813226117205303,-0.16132261172053042
2.542,2.912603233222228,-0.3706032332222282
1.5,1.0489623689099332,0.4510376310900668
2.125,2.330159546968794,-0.2051595469687939
0.804,0.20271659405128872,0.6012834059487113
2.065,2.9644672472268923,-0.8994672472268923
3.311,3.3791852085947554,-0.06818520859475541
2.014,2.937330303589796,-0.9233303035897964
1.884,1.7441435332362332,0.13985646676376673
1.954,2.311791622790736,-0.35779162279073584
4.425,4.047299882408616,0.37770011759138367
1.527,2.8998321977232564,-1.3728321977232565
5.00001,5.22890104589856,-0.22889104589856046
2.398,2.767295536415034,-0.3692955364150339
1.594,1.302401670472051,0.2915983295279492
0.918,0.993681667508362,-0.07568166750836192
2.409,2.7347230939873484,-0.32572309398734856
1.364,1.6902704197801768,-0.3262704197801767
1.036,1.4912253061714082,-0.4552253061714082
1.325,1.6189176764672553,-0.2939176764672553
2.929,2.4341602269415574,0.4948397730584424
0.628,1.2709441352151103,-0.6429441352151103
1.121,1.9546695666566265,-0.8336695666566265
0.891,1.5727209046979809,-0.6817209046979809
1.207,0.9926616519204643,0.21433834807953578
4.714,2.603803802961579,2.1101961970384213
3.147,2.68269403016248,0.4643059698375196
2.264,2.4584372576288374,-0.19443725762883757
4.097,2.431968777139936,1.6650312228600646
1.49,1.3695953098659928,0.12040469013400723
1.717,2.91691541970377,-1.1999154197037698
2.355,3.0540354559960434,-0.6990354559960434
3.228,2.6464890481860834,0.5815109518139168
2.445,2.8795685682129104,-0.43456856821291057
1.622,1.5455367243707059,0.07646327562929423
3.409,3.2095640621241657,0.19943593787583414
0.574,1.0318174754384941,-0.45781747543849416
1.989,2.0448610820861646,-0.05586108208616447
1.097,2.0610831567857844,-0.9640831567857844
1.375,1.3850248099109095,-0.010024809910909482
0.857,1.1612295489729192,-0.3042295489729192
0.983,0.8010129101195744,0.18198708988042556
1.782,2.1134406499858116,-0.3314406499858116
1.375,1.501927945819162,-0.1269279458191619
2.75,2.6050939897877825,0.1449060102122175
3.815,3.192560614428487,0.6224393855715129
5.00001,4.047534319769966,0.9524756802300338
5.00001,4.796042433861139,0.2039675661388607
1.792,0.7067408873617254,1.0852591126382747
2.045,2.434414405925324,-0.38941440592532395
3.941,3.3685902137079964,0.5724097862920035
1.844,1.9638422857805224,-0.11984228578052236
1.74,1.8977118480512942,-0.15771184805129423
0.807,1.2644365036047631,-0.45743650360476307
1.896,2.337058437310496,-0.4410584373104962
0.6,1.1853351645342443,-0.5853351645342443
1.266,1.7326782961878138,-0.46667829618781376
2.625,2.0776361910320276,0.5473638089679724
1.392,1.986450492220854,-0.594450492220854
0.513,0.53181147918081,-0.018811479180809942
2.292,2.971486934161746,-0.679486934161746
1.011,1.7740592540086766,-0.7630592540086767
0.977,1.3000255750750043,-0.3230255750750043
1.583,1.4400417530191305,0.14295824698086945
3.491,3.555144341400144,-0.06414434140014391
0.855,1.4220055669490534,-0.5670055669490535
2.141,2.7436270428425686,-0.6026270428425686
2.271,2.5558432563227527,-0.28484325632275276
1.557,1.5374929011922163,0.019507098807783674
0.668,0.9763269322854526,-0.3083269322854526
2.073,2.6316276528628464,-0.5586276528628464
2.228,1.8944763200446602,0.33352367995534005
3.545,2.2680703814055363,1.2769296185944636
3.405,2.310682803328042,1.0943171966719576
0.529,0.8769484527074951,-0.3479484527074951
1.406,2.133713048835581,-0.7277130488355812
1.508,1.5644609871743143,-0.05646098717431425
0.561,-1.0137928122566748,1.5747928122566748
2.596,2.8095959494481946,-0.2135959494481945
3.189,2.5131327506639494,0.6758672493360507
1.484,2.5371493946318964,-1.0531493946318964
2.899,2.320901877847902,0.578098122152098
1.618,2.5047221482896447,-0.8867221482896446
2.55,1.8270432540401558,0.722956745959844
0.875,1.264958916468757,-0.3899589164687569
2.45,2.797531410441998,-0.34753141044199776
3.05,2.074223971236897,0.9757760287631028
2.15,2.1936360486882904,-0.04363604868829052
2.49,2.271216716396843,0.21878328360315713
5.00001,6.8386054420859,-1.8385954420859
3.2,1.9984666437098184,1.2015333562901818
1.74,2.4509705912310693,-0.7109705912310693
2.925,2.8486208273127147,0.07637917268728511
5.00001,4.043900900012623,0.9561090999873763
2.899,3.0281174737581793,-0.12911747375817928
4.384,3.074640834981949,1.3093591650180514
1.82,2.256727003831216,-0.4367270038312159
1.705,0.7767446904580737,0.9282553095419264
0.692,1.1700844867861946,-0.47808448678619464
0.956,1.498491723928744,-0.5424917239287441
2.728,3.138051159008313,-0.4100511590083129
0.813,2.139321603202198,-1.3263216032021983
2.724,2.6532659804316765,0.0707340195683237
1.526,2.175233736289101,-0.6492337362891012
0.559,1.2270630013808344,-0.6680630013808343
2.135,2.4172749414781194,-0.2822749414781196
3.313,1.5025888078380305,1.8104111921619697
2.018,2.3390391292006356,-0.3210391292006358
0.571,1.247671186046766,-0.676671186046766
3.318,2.544896143795185,0.7731038562048149
3.659,2.3124605006458196,1.3465394993541802
1.275,1.3155556959267045,-0.040555695926704605
1.118,1.0742751912534416,0.043724808746558486
3.537,2.8098799747592196,0.7271200252407803
2.293,2.4785020418265304,-0.1855020418265303
0.875,1.1735012546544965,-0.2985012546544965
2.375,1.7138094838284843,0.6611905161715157
1.133,0.5163306948262019,0.6166693051737981
1.125,1.0099563499071849,0.11504365009281514
1.385,1.0729006151924025,0.31209938480759747
3.074,2.1351436840605658,0.9388563159394341
1.009,1.762064810586672,-0.7530648105866722
0.978,1.0808336279028339,-0.1028336279028339
1.767,1.958147675705895,-0.1911476757058952
2.18,2.1803868788556358,-0.0003868788556355973
2.906,2.2146968964073324,0.6913031035926678
1.577,2.216623833899753,-0.6396238338997531
3.48,3.3171663152675492,0.16283368473245075
0.672,1.288217952055028,-0.616217952055028
2.604,1.9886905106419164,0.6153094893580837
1.236,1.22424871841541,0.011751281584589934
0.675,0.752196201342187,-0.07719620134218697
1.307,1.3293533030863003,-0.022353303086300347
0.66,0.5097090050919277,0.1502909949080723
1.666,2.476042434040423,-0.8100424340404229
2.256,2.1130762915102252,0.14292370848977454
2.571,1.974932189280949,0.5960678107190511
5.00001,5.346940194962691,-0.34693019496269173
1.139,1.868437565902589,-0.7294375659025889
0.91,1.6007131353345656,-0.6907131353345656
2.174,1.9070853664500405,0.2669146335499595
0.96,1.0030924998203048,-0.04309249982030483
1.292,0.7925765481422573,0.49942345185774273
3.502,3.2294373337715,0.2725626662284997
4.421,4.965818788044352,-0.5448187880443518
2.229,1.5169195206340902,0.7120804793659099
0.813,1.0483254154331476,-0.23532541543314767
1.606,1.8761440452057627,-0.27014404520576263
5.00001,3.2159841798600652,1.7840258201399344
3.412,3.2429500475095665,0.16904995249043342
2.879,3.1185695474499653,-0.23956954744996528
3.447,3.5023160465008303,-0.05531604650083022
1.8,2.435791786364831,-0.635791786364831
1.678,2.362358643453355,-0.6843586434533551
0.55,0.9246761920117095,-0.37467619201170943
0.508,1.0695591982920476,-0.5615591982920476
1.426,2.1225290008692497,-0.6965290008692497
2.358,2.3496406273041472,0.008359372695852851
1.127,1.917860608464352,-0.7908606084643519
2.102,2.4505506632944076,-0.34855066329440776
2.107,1.7698752069396804,0.33712479306031984
0.654,0.8884606740196261,-0.23446067401962611
1.625,1.8314146894598906,-0.2064146894598906
1.503,1.4667741521165496,0.03622584788345029
5.00001,2.7671791637636076,2.232830836236392
1.014,1.985814036077521,-0.9718140360775209
2.218,2.179343133345988,0.038656866654012134
2.603,2.433344055090771,0.1696559449092292
1.788,1.64276627410878,0.14523372589121997
1.704,1.7687835527409135,-0.06478355274091352
3.194,3.288396872285574,-0.09439687228557414
1.906,2.5365107526707646,-0.6305107526707647
1.841,1.7966777961546114,0.04432220384538854
1.911,1.9576096168765034,-0.046609616876503335
1.496,2.689873253512836,-1.193873253512836
5.00001,3.0870527751222596,1.91295722487774
1.834,2.1726849353951394,-0.33868493539513933
4.441,3.5803082124348435,0.8606917875651563
2.427,2.3864637591482207,0.040536240851779315
0.762,1.1686399355102637,-0.4066399355102637
1.329,2.2506705686998174,-0.9216705686998174
4.098,2.1919566406759614,1.9060433593240385
1.125,1.0215543086819139,0.10344569131808612
3.766,3.145257083515169,0.620742916484831
0.505,1.3522896744695103,-0.8472896744695103
5.00001,3.2871438326419664,1.7128661673580332
2.095,2.305628463464366,-0.2106284634643658
0.778,0.31992695413404704,0.458073045865953
2.997,2.9587778633473434,0.0382221366526565
3.75,2.440789082419407,1.309210917580593
1.565,1.6339171010545712,-0.06891710105457127
2.4,2.4147544044468745,-0.014754404446874592
0.772,0.5758789235969601,0.19612107640303988
0.985,1.1899225689530013,-0.20492256895300132
5.00001,2.4452097830799957,2.554800216920004
1.104,2.0544717851913106,-0.9504717851913105
0.864,1.7802845285968374,-0.9162845285968374
2.304,1.8485378127616485,0.4554621872383513
1.639,1.9819570671468227,-0.3429570671468227
5.00001,3.9936124718172863,1.0063975281827133
0.495,0.18884811483797392,0.30615188516202607
1.074,1.8713380686521504,-0.7973380686521503
3.625,2.3453757596783475,1.2796242403216525
1.45,1.7787794717329888,-0.3287794717329888
2.185,2.2974253328129066,-0.11242533281290656
1.301,1.8600506397378496,-0.5590506397378496
1.46,2.0613459436768693,-0.6013459436768693
1.525,0.9662444454921513,0.5587555545078486
4.572,3.5970317488882273,0.9749682511117728
1.652,2.197939173017076,-0.5459391730170762
3.947,2.031952619596815,1.915047380403185
1.444,2.0502773260187084,-0.6062773260187084
1.366,1.3231197970088644,0.04288020299113571
2.164,2.7111484041070426,-0.5471484041070425
1.39,1.4184435690879624,-0.028443569087962528
1.038,0.714246198417456,0.3237538015825441
4.885,3.221532181290492,1.663467818709508
2.271,2.153290306937201,0.11770969306279877
2.38,1.907136184211744,0.47286381578825587
2.156,3.0849399384097893,-0.9289399384097892
2.923,3.2889239255458804,-0.3659239255458804
1.459,1.9312915234186576,-0.47229152341865754
1.873,1.4727480732272582,0.4002519267727418
1.854,1.068503284101169,0.7854967158988311
2.8,1.6539857855906277,1.1460142144093721
1.411,1.8663523052109028,-0.45535230521090275
1.909,1.9837656891843096,-0.07476568918430959
2.625,1.9769413461678838,0.6480586538321162
4.42,3.0043084022943205,1.4156915977056794
2.748,3.097790477088452,-0.3497904770884519
0.855,1.0222318189503952,-0.16723181895039518
2.318,2.8892689825457722,-0.5712689825457722
3.02,2.9935542858105464,0.02644571418945363
2.358,2.947408749357649,-0.589408749357649
0.722,0.9673967833761594,-0.24539678337615944
1.824,2.1870263767360356,-0.36302637673603555
5.00001,3.263492641246849,1.7365173587531508
0.787,0.6411546945437152,0.14584530545628482
1.813,1.5542559192855023,0.2587440807144976
1.98,2.2147600932259763,-0.23476009322597635
1.996,2.085953985035374,-0.0899539850353741
0.633,0.9957721374110236,-0.36277213741102354
0.94,1.218022714511477,-0.2780227145114771
1.868,2.3303484580923026,-0.4623484580923025
1.17,2.0611999914340444,-0.8911999914340445
1.178,1.7647672208110379,-0.5867672208110379
1.21,1.6111320720692603,-0.4011320720692604
2.309,2.4105992140141765,-0.10159921401417638
4.273,2.680254012284699,1.5927459877153005
1.281,1.37763005970762,-0.09663005970762018
3.847,2.0964399687143924,1.7505600312856076
2.904,2.7111998049511286,0.19280019504887136
0.913,1.0973628156577675,-0.18436281565776746
0.619,0.8811582604710111,-0.2621582604710111
2.322,2.518546437339033,-0.1965464373390331
1.296,1.187397289451141,0.10860271054885895
1.275,1.2333145901602762,0.041685409839723686
1.505,2.094937865743077,-0.5899378657430772
1.875,1.640301104327932,0.23469889567206792
4.379,4.329282901122447,0.0497170988775526
1.265,2.115837101080409,-0.850837101080409
4.534,4.105994925623669,0.4280050743763306
2.294,2.5412129853792607,-0.24721298537926062
3.649,2.8183254338467947,0.8306745661532053
1.919,1.977288250103797,-0.0582882501037969
0.875,0.9355809570814984,-0.060580957081498354
0.3,1.8034139719444866,-1.5034139719444866
3.357,2.6452513819110166,0.7117486180889836
2.421,2.0284357744771953,0.39256422552280457
1.737,2.3058537271802635,-0.5688537271802634
0.541,0.5034431158228827,0.03755688417711733
2.078,2.519386534307266,-0.44138653430726604
1.125,0.42044542426781106,0.7045545757321889
1.667,2.1026537550169095,-0.4356537550169095
2.718,2.840538361838547,-0.12253836183854716
1.411,2.348882624460181,-0.937882624460181
3.75,1.3271783346426105,2.4228216653573895
1.616,1.5940607686263206,0.02193923137367948
1.594,2.2704342568997475,-0.6764342568997475
0.863,1.3493536667338475,-0.4863536667338475
2.563,2.867812485104473,-0.3048124851044727
2.132,1.832341203601267,0.29965879639873316
2.541,2.180156765701753,0.36084323429824705
1.326,1.8629843873008767,-0.5369843873008766
1.693,1.1430038338584652,0.5499961661415349
3.477,2.705408394109078,0.7715916058909218
1.597,1.9213670101361728,-0.32436701013617286
0.909,1.8533553837339198,-0.9443553837339198
2.905,2.397456697221635,0.5075433027783647
1.899,2.1116159843560354,-0.21261598435603535
4.956,4.001265684054147,0.9547343159458537
3.333,3.5042376804615003,-0.17123768046150012
1.838,2.0474386239885902,-0.20943862398859014
1.89,1.7362530651669843,0.1537469348330156
1.575,1.0799116172504455,0.49508838274955447
0.666,1.1603541016402872,-0.49435410164028715
1.324,1.7631099873334435,-0.4391099873334434
1.56,1.9451994535079464,-0.3851994535079464
3.481,2.170852705623652,1.310147294376348
2.264,2.88840774277606,-0.6244077427760604
0.742,0.3032225280480674,0.4387774719519326
1.583,1.6393413926673759,-0.05634139266737592
5.00001,4.83332091435669,0.1666890856433092
1.655,1.8080960747330295,-0.15309607473302944
3.295,2.3092548802533557,0.9857451197466442
1.396,1.9325573146162682,-0.5365573146162683
1.529,2.0511707654370355,-0.5221707654370356
3.673,2.6580266106367247,1.0149733893632753
0.7,0.7413253230094554,-0.04132532300945546
0.974,1.8490089867655328,-0.8750089867655328
0.659,0.9668117000299432,-0.3078117000299432
0.493,0.8591299598081363,-0.36612995980813634
1.541,1.8608871955509088,-0.31988719555090883
2.728,1.949044925854487,0.7789550741455131
2.471,2.7749831361492525,-0.30398313614925243
2.688,1.5729859776957227,1.1150140223042775
2.476,2.040574106306586,0.4354258936934139
4.168,3.3110018321488255,0.8569981678511747
1.216,1.3865772052002185,-0.17057720520021857
1.717,2.114719264052667,-0.3977192640526668
1.738,2.164285532518093,-0.4262855325180932
2.356,2.5567935991073156,-0.20079359910731576
2.601,2.357042109329157,0.24395789067084284
2.0,1.8649656974594961,0.13503430254050386
2.966,2.636295858946987,0.32970414105301327
3.746,2.156594139054583,1.589405860945417
1.778,2.5987176767881834,-0.8207176767881834
2.695,2.5372105378095284,0.1577894621904714
0.62,1.2931244139028308,-0.6731244139028308
1.976,2.051901689093505,-0.07590168909350492
0.527,1.1914230767011063,-0.6644230767011062
1.914,2.3611214883988154,-0.4471214883988155
3.177,2.8381548781397825,0.33884512186021754
3.294,2.336418898643082,0.9575811013569182
3.307,3.165048097674024,0.14195190232597588
1.874,2.599376849511664,-0.7253768495116639
2.865,2.118415255594165,0.7465847444058351
5.00001,1.319954309625352,3.6800556903746475
1.339,2.090547725602967,-0.751547725602967
1.998,2.55950178397552,-0.5615017839755201
0.45,-0.15023192339565128,0.6002319233956512
3.546,3.4614367884282444,0.08456321157175539
2.638,2.7318187027932836,-0.09381870279328375
2.784,1.9649505558115195,0.8190494441884804
1.604,1.7097304414323915,-0.10573044143239141
2.413,2.76634647583748,-0.35334647583748025
2.083,1.9295231106318838,0.15347688936811643
2.636,2.873150597335382,-0.2371505973353818
1.45,2.0834679137172287,-0.6334679137172288
1.325,2.0453446945680014,-0.7203446945680014
1.838,1.8140287413070695,0.023971258692930597
0.811,1.229601874474973,-0.418601874474973
1.765,1.9442329153290956,-0.1792329153290957
2.555,2.0185289843092846,0.5364710156907155
1.661,2.172585965307235,-0.5115859653072348
1.02,1.6020373670856074,-0.5820373670856074
0.861,1.494102318973411,-0.6331023189734111
1.006,0.5319283747468333,0.4740716252531667
5.0,2.4673741715783777,2.5326258284216223
2.099,3.0001482221409788,-0.9011482221409786
0.525,1.0320231863121734,-0.5070231863121734
2.629,1.989313005755271,0.639686994244729
1.588,1.9545887976182286,-0.3665887976182285
2.095,1.5349714831191719,0.5600285168808283
3.5,1.628478322998717,1.871521677001283
2.171,2.6333197136284454,-0.4623197136284456
1.414,1.3023746325536365,0.11162536744636342
0.934,0.8656509676454434,0.0683490323545567
1.982,1.7506463667288514,0.23135363327114855
1.872,1.739874825422227,0.13212517457777317
1.853,1.8185301065066994,0.03446989349330054
5.00001,6.659765419273114,-1.6597554192731145
2.813,3.0618534916507656,-0.24885349165076542
1.036,1.79158524283946,-0.75558524283946
2.879,3.011928530147891,-0.13292853014789108
2.083,1.7613408789124847,0.3216591210875155
1.75,2.9505786913845498,-1.2005786913845498
1.327,1.8238964972159621,-0.4968964972159622
1.72,1.6015185321613146,0.1184814678386854
5.00001,4.740622478993892,0.25938752100610785
0.64,0.5165828466139217,0.12341715338607828
2.279,2.1770647586594976,0.10193524134050236
0.631,0.9522777048186697,-0.3212777048186697
0.841,1.5230465485176126,-0.6820465485176126
3.392,2.819936234722171,0.5720637652778291
1.563,1.248562141102866,0.31443785889713394
3.836,2.6571135293213928,1.178886470678607
1.371,1.8189304886259308,-0.44793048862593077
0.568,1.1535953432375479,-0.5855953432375479
0.7,1.3453377023463915,-0.6453377023463915
0.963,1.0404065955849262,-0.07740659558492624
0.926,1.6845167804837686,-0.7585167804837686
3.591,3.101034814155085,0.4899651858449152
1.587,2.2281084544215304,-0.6411084544215304
5.00001,2.9840018943675872,2.0160081056324124
1.146,2.233629977095383,-1.087629977095383
4.102,3.355487816981295,0.7465121830187051
2.819,1.861204899053135,0.957795100946865
1.017,0.6199223130437019,0.39707768695629797
1.693,2.072590286530321,-0.3795902865303211
2.078,1.9967589543290387,0.08124104567096113
3.272,2.5186927371086654,0.7533072628913344
2.779,2.439240872520223,0.3397591274797769
1.114,1.0815059154968125,0.03249408450318758
0.806,1.6427325299052242,-0.8367325299052242
2.075,2.6131954777389765,-0.5381954777389764
2.753,2.5284699417259446,0.22453005827405548
4.21,3.0844007686019026,1.1255992313980974
1.288,1.2967196127000946,-0.008719612700094581
3.139,2.546879261529753,0.5921207384702467
0.676,1.610695792659584,-0.9346957926595839
0.644,1.1766615037002168,-0.5326615037002168
1.539,1.8172846850189046,-0.2782846850189047
1.307,0.9417809819385425,0.3652190180614574
2.385,1.9605730051707866,0.4244269948292132
3.796,3.3560166811621244,0.43998331883787545
1.465,1.6746015439813462,-0.20960154398134612
1.503,2.2474099572233754,-0.7444099572233756
0.803,1.5365737537484065,-0.7335737537484065
2.933,0.6455219763191664,2.2874780236808334
2.88,2.7022568414822175,0.17774315851778244
1.441,2.2362415362336847,-0.7952415362336847
1.27,1.5189027130972974,-0.2489027130972974
1.521,2.1056965837743533,-0.5846965837743534
1.568,0.8034408023478505,0.7645591976521495
1.049,0.9720232125824992,0.07697678741750069
5.00001,5.430904650317196,-0.430894650317196
1.344,2.09799778085047,-0.7539977808504699
5.00001,5.737346451557322,-0.7373364515573222
2.728,3.0029311321837255,-0.27493113218372534
1.516,0.8536016150471113,0.6623983849528887
3.626,2.2947693492952865,1.3312306507047134
1.692,2.230535756968223,-0.538535756968223
1.404,1.9847219522764732,-0.5807219522764733
0.437,0.9023390877473503,-0.4653390877473503
1.36,2.5637675911181645,-1.2037675911181644
2.644,2.692171368968239,-0.04817136896823904
1.522,2.1333175928266215,-0.6113175928266215
1.375,1.6566679342554238,-0.2816679342554238
2.147,1.4521149422810709,0.694885057718929
1.709,2.25943691015668,-0.5504369101566797
2.362,2.2999199709171307,0.06208002908286936
2.978,2.4736974806604906,0.5043025193395096
0.885,0.9551479670350318,-0.07014796703503179
1.276,1.64622089847893,-0.3702208984789299
0.802,0.9960810671481184,-0.19408106714811835
3.06,2.504151714132284,0.5558482858677158
4.364,2.051414969598369,2.312585030401631
2.389,2.4202877119818638,-0.031287711981863975
2.317,3.147273407775117,-0.8302734077751168
1.229,1.6662110359116795,-0.4372110359116794
2.182,2.476940611476813,-0.29494061147681316
3.97,4.909029640578581,-0.9390296405785805
2.603,1.6472597114034002,0.9557402885966
4.357,3.1804910959940784,1.1765089040059218
1.64,2.3941534690719664,-0.7541534690719665
4.405,3.0233527293253317,1.3816472706746685
0.854,1.1375700265570003,-0.28357002655700037
1.019,0.9682529544450844,0.05074704555491549
1.594,2.1298164018310004,-0.5358164018310003
1.903,2.606780925136782,-0.7037809251367819
1.0,1.3819308296896509,-0.38193082968965086
1.396,1.5307999254853257,-0.13479992548532582
5.00001,4.87031168687782,0.12969831312218005
1.545,2.703422047955492,-1.1584220479554919
1.705,2.0999113607324915,-0.39491136073249145
1.106,1.3910297381406878,-0.28502973814068766
1.912,2.6016197025467207,-0.6896197025467208
2.872,3.4590441337960556,-0.5870441337960557
1.501,1.9874345491374754,-0.4864345491374755
2.383,2.3000106593617176,0.08298934063828245
1.542,0.9523389148009187,0.5896610851990813
2.805,2.4166837618366728,0.3883162381633274
1.619,2.5757405365181043,-0.9567405365181043
2.656,2.7689484636049926,-0.11294846360499244
1.227,2.3718121743884453,-1.1448121743884452
2.312,2.7267316607636047,-0.4147316607636049
3.191,2.567872410546343,0.6231275894536568
2.313,2.2885020186589315,0.02449798134106862
5.00001,4.582956406334709,0.4170535936652904
1.212,1.2581037570467473,-0.046103757046747296
2.225,2.311131579821563,-0.08613157982156272
4.5,3.109237248453141,1.390762751546859
1.021,1.4167234062752385,-0.3957234062752386
2.012,2.281943917319481,-0.26994391731948086
1.042,0.872223619537678,0.16977638046232202
5.00001,5.433507298637267,-0.43349729863726694
1.32,1.9216989627714725,-0.6016989627714724
2.211,2.515286738724278,-0.304286738724278
1.516,1.9516044080028436,-0.4356044080028436
1.469,1.5473979881303777,-0.07839798813037757
1.512,2.1258707076912273,-0.6138707076912273
1.651,2.248259199276788,-0.5972591992767879
2.136,2.674414498363376,-0.5384144983633758
2.135,2.0072198795168106,0.1277801204831892
5.00001,3.4187564859365835,1.581253514063416
4.38,3.435930660214659,0.944069339785341
1.838,2.437555991052207,-0.599555991052207
3.5,2.611867811860108,0.8881321881398918
1.593,1.0104687195683368,0.5825312804316631
1.291,1.6750457261150444,-0.3840457261150445
0.766,1.1095768785238391,-0.3435768785238391
2.25,1.9526066857170292,0.2973933142829708
2.308,1.7035967787413995,0.6044032212586004
4.318,3.8349014317427432,0.4830985682572564
1.91,3.0105043534655493,-1.1005043534655494
0.847,1.2627976073522404,-0.4157976073522405
1.525,1.257761480439207,0.2672385195607929
0.676,0.5680820224031535,0.10791797759684651
1.982,2.0808383436757723,-0.09883834367577227
3.063,2.0418353685559367,1.0211646314440634
1.221,2.0610446460799636,-0.8400446460799635
2.761,2.125468779964116,0.635531220035884
1.03,0.9915590916843939,0.03844090831560609
4.091,3.0186955546186525,1.0723044453813477
1.352,1.8345794998226452,-0.48257949982264514
1.216,1.117450305055982,0.09854969494401788
1.828,1.724329724244967,0.10367027575503296
2.28,1.7920004446856268,0.487999555314373
1.1,1.1010237573495942,-0.0010237573495941454
1.112,0.8239987381149305,0.2880012618850696
0.847,1.2039980989159034,-0.3569980989159034
4.473,3.8802400862703976,0.5927599137296022
0.883,0.7968769942910825,0.08612300570891751
0.871,1.3800001627275833,-0.5090001627275833
1.875,2.203347911463176,-0.328347911463176
1.469,1.7319146199780846,-0.2629146199780845
1.031,1.2950656130928238,-0.26406561309282384
3.437,3.669489192169067,-0.23248919216906705
0.982,2.177835429000254,-1.195835429000254
2.625,1.832362723828311,0.7926372761716891
0.774,0.41931177495940375,0.35468822504059627
1.351,2.156163730235164,-0.8051637302351642
1.347,1.1198336196262915,0.2271663803737085
2.313,1.6309430925939097,0.6820569074060905
1.586,1.6670903723139077,-0.08109037231390759
1.016,0.9085306012050722,0.10746939879492778
1.22,1.7566191881194584,-0.5366191881194584
3.8,3.4603520053325525,0.33964799466744733
1.894,1.7409038845223463,0.15309611547765356
4.4,3.3149253879198284,1.085074612080172
0.7,1.3050152944868998,-0.6050152944868998
0.7,1.1986455369360698,-0.49864553693606983
3.335,2.700925583517119,0.6340744164828811
1.018,1.4919082568703317,-0.47390825687033167
5.00001,6.9258669706896185,-1.925856970689619
3.605,2.816555669648082,0.788444330351918
1.695,1.710188373195166,-0.01518837319516586
2.056,1.6391940666811138,0.41680593331888627
1.663,1.8732287912742152,-0.21022879127421512
0.325,0.8050781775831908,-0.48007817758319077
3.627,3.1492645918799056,0.4777354081200942
1.745,1.636244026180215,0.10875597381978519
1.976,1.964327448990808,0.011672551009191956
1.83,2.3810116161132555,-0.5510116161132554
1.583,1.5695503341320887,0.013449665867911298
1.002,1.8398533042536158,-0.8378533042536158
0.875,0.9385643903427408,-0.06356439034274075
4.611,2.181510346029988,2.4294896539700117
1.902,2.883994297371167,-0.9819942973711673
2.323,1.8516527973505248,0.47134720264947516
2.216,2.738170123750969,-0.5221701237509686
2.269,2.264515744488321,0.0044842555116790805
2.242,2.3414558621978827,-0.09945586219788272
1.198,1.7494147099277981,-0.5514147099277982
0.782,1.1453856787499248,-0.3633856787499248
1.651,1.5559268445366783,0.09507315546332173
2.139,3.4818955016120015,-1.3428955016120017
0.697,0.6629427836741684,0.034057216325831585
1.058,1.6085582371021587,-0.5505582371021587
0.75,1.216868038183371,-0.46686803818337097
0.917,1.368565415697681,-0.45156541569768094
2.695,2.7938631670862506,-0.09886316708625076
0.682,0.9714205055864298,-0.28942050558642973
1.658,1.7797804016334808,-0.12178040163348092
1.546,1.6785501076191878,-0.13255010761918773
4.727,3.2755634329614836,1.4514365670385168
3.459,3.673527266758967,-0.21452726675896683
2.307,2.8914993200182977,-0.5844993200182977
3.0,1.6420068719337522,1.3579931280662478
2.494,2.275120159240693,0.21887984075930733
4.357,2.6292647486486587,1.7277352513513415
2.258,2.2526256347331355,0.0053743652668645225
1.75,1.2176696405929945,0.5323303594070055
1.784,1.3016583609546544,0.48234163904534566
2.76,2.4579869450914416,0.30201305490855823
1.159,0.7234104672188764,0.43558953278112367
2.143,1.3025467901882664,0.8404532098117334
1.183,0.6578076066077259,0.5251923933922742
5.00001,2.101225574404701,2.8987844255952986
1.521,2.1161923537272003,-0.5951923537272004
1.404,2.231555392322228,-0.8275553923222283
2.226,2.005896098266959,0.22010390173304106
4.445,3.109299707827951,1.3357002921720493
5.0,3.4268870349199076,1.5731129650800924
1.633,1.5525673882069668,0.08043261179303318
1.938,2.598372001850116,-0.660372001850116
0.905,1.4086768952853177,-0.5036768952853177
1.152,1.751727140404391,-0.5997271404043911
1.47,1.6786265015731416,-0.20862650157314166
2.739,2.822258995954698,-0.0832589959546981
1.909,2.1651085878748617,-0.2561085878748617
0.748,0.9195593625773739,-0.17155936257737392
5.00001,1.6428702306306278,3.357139769369372
1.185,1.4598505272825761,-0.2748505272825761
5.00001,1.115227446676471,3.8847825533235287
0.55,2.119530901085696,-1.569530901085696
0.584,1.263458741070849,-0.6794587410708491
0.958,1.2128101395087825,-0.2548101395087825
0.992,1.6156717648915944,-0.6236717648915944
1.674,3.0133561486941574,-1.3393561486941574
0.705,1.066216706719132,-0.361216706719132
0.675,0.9911685659169223,-0.3161685659169222
0.757,1.2248917792241798,-0.4678917792241798
1.83,2.037987128682623,-0.20798712868262292
5.00001,4.803171264550095,0.19683873544990504
0.973,1.3709541858978511,-0.39795418589785114
2.3,2.5932449753322047,-0.29324497533220484
0.829,1.5577086201886914,-0.7287086201886914
0.522,1.2012824583351644,-0.6792824583351644
1.148,1.9695447945973754,-0.8215447945973755
0.88,1.6452520845472307,-0.7652520845472307
2.242,2.255100353600305,-0.013100353600305148
1.5,1.732845468189332,-0.23284546818933194
3.417,2.9503172544744274,0.46668274552557243
1.817,1.9201983494618844,-0.10319834946188444
1.406,1.7238356500527345,-0.3178356500527346
0.727,0.507654394888128,0.21934560511187196
2.109,1.8873431240733964,0.22165687592660355
0.977,0.544558307926728,0.432441692073272
1.097,0.8503348004316251,0.24666519956837485
1.656,1.88847747407209,-0.23247747407209007
2.306,1.8633205369255634,0.4426794630744366
1.638,1.9387419386157205,-0.3007419386157206
0.958,0.3484716302959612,0.6095283697040388
0.481,0.34204105562833576,0.13895894437166423
0.444,0.8054535274508225,-0.36145352745082254
2.379,2.9342910100999475,-0.5552910100999475
2.848,3.431014788157057,-0.5830147881570573
1.648,1.5082938128130294,0.13970618718697048
2.0,1.626491951580661,0.37350804841933893
0.778,0.9700413799423089,-0.19204137994230885
1.86,1.9046498640256218,-0.044649864025621655
1.697,1.8873740188845218,-0.19037401888452177
4.188,2.287269823349284,1.9007301766507156
0.733,0.9357671929684557,-0.2027671929684557
0.87,1.735321196614514,-0.8653211966145139
1.682,2.37750107170568,-0.6955010717056802
1.543,1.9270459403181306,-0.38404594031813066
2.25,4.013246765300856,-1.7632467653008561
3.33,2.8724325117654814,0.45756748823451865
2.259,2.1979396516469336,0.061060348353066285
1.381,1.639583078976095,-0.258583078976095
1.127,1.3398990968022702,-0.21289909680227015
2.316,2.2553810671670433,0.060618932832956496
4.191,2.3090194876876,1.8819805123124
2.211,1.8670642995582298,0.34393570044177
1.554,1.608839483712714,-0.054839483712713966
1.517,1.1433817456707374,0.37361825432926254
2.489,3.2641708882023366,-0.7751708882023367
1.532,0.8299887254225524,0.7020112745774476
1.265,1.5096051922831535,-0.24460519228315358
2.4,2.3658191609828876,0.03418083901711233
1.861,2.0625423483602034,-0.20154234836020346
5.00001,4.073928489657838,0.9260815103421614
1.816,1.5665367952093732,0.2494632047906269
1.781,2.326810710713289,-0.5458107107132892
0.692,0.7928939425134232,-0.10089394251342321
0.668,0.7854256871220642,-0.11742568712206414
5.00001,4.278286490973372,0.7217235090266279
1.813,2.363425352371074,-0.550425352371074
3.964,3.596162466498363,0.36783753350163684
1.875,2.511468960156847,-0.6364689601568472
2.979,3.1668381944116035,-0.18783819441160343
3.454,2.6209652405267576,0.8330347594732426
2.451,2.527813445953612,-0.07681344595361184
1.055,1.5824597199934587,-0.5274597199934588
1.011,0.7891422337756566,0.22185776622434328
1.417,1.7622182536937672,-0.34521825369376713
4.309,3.1127075340663026,1.1962924659336975
2.863,2.1692062716146765,0.6937937283853235
1.13,1.362014908278745,-0.23201490827874505
4.667,3.76239297602266,0.9046070239773396
1.686,1.8794715877662895,-0.1934715877662896
3.605,2.620186938909505,0.9848130610904948
2.564,2.4639206502247646,0.10007934977523547
1.139,1.9717040000154498,-0.8327040000154498
3.504,3.21279953137914,0.2912004686208598
2.091,2.3724552048265437,-0.2814552048265435
1.315,1.713259003108277,-0.3982590031082771
2.167,2.8452110080851867,-0.6782110080851869
1.013,0.9147105914164868,0.0982894085835131
2.028,2.2754814544088973,-0.24748145440889724
1.176,1.9477536705730643,-0.7717536705730643
2.926,2.549855217226863,0.376144782773137
5.00001,6.077204848784746,-1.077194848784746
1.303,1.3368044165801933,-0.0338044165801934
0.924,0.7349890806786803,0.18901091932131975
1.125,1.4435603761002653,-0.31856037610026533
1.542,1.0673094487657266,0.4746905512342734
1.04,1.1200185570781969,-0.08001855707819683
1.216,1.8264394925537601,-0.6104394925537602
2.063,1.9858561041827087,0.07714389581729142
1.083,1.612863096763256,-0.529863096763256
3.494,3.245919966064008,0.2480800339359921
0.833,-0.053026000752957714,0.8860260007529577
2.458,2.8678409408340144,-0.40984094083401423
0.915,1.6526535767488326,-0.7376535767488326
5.00001,4.692415118343028,0.30759488165697135
5.00001,2.122872116269093,2.8771378837309065
1.905,1.7567051674922283,0.14829483250777176
1.083,1.3801066123903283,-0.2971066123903283
0.896,1.0335827191494076,-0.13758271914940756
5.00001,5.085385145474213,-0.0853751454742131
0.946,1.771655632793518,-0.8256556327935181
0.675,4.2362146668835905,-3.5612146668835907
1.775,2.617545214270926,-0.8425452142709262
2.613,2.6515044080081864,-0.03850440800818644
5.00001,1.9917824003037836,3.008227599696216
1.684,2.519441332304048,-0.8354413323040479
2.453,2.6906606921928145,-0.2376606921928146
2.4,3.0901779064611716,-0.6901779064611717
1.565,1.3292021611485652,0.2357978388514348
5.00001,2.2820163565343776,2.717993643465622
2.356,2.5590583857963978,-0.2030583857963979
1.856,2.4494003755555056,-0.5934003755555055
3.167,1.6980173290224414,1.4689826709775584
1.188,0.3311769915611862,0.8568230084388138
2.485,2.428939431950404,0.056060568049595805
2.365,2.451385839247493,-0.08638583924749277
0.946,1.1281923276461256,-0.1821923276461257
1.768,1.8770608478633832,-0.10906084786338321
1.486,1.8221410395033573,-0.3361410395033573
1.953,2.4318112837897488,-0.4788112837897487
2.159,2.655453744432748,-0.49645374443274815
1.266,2.3088364428314208,-1.0428364428314207
1.739,1.7232034702375572,0.015796529762442946
1.83,1.7870391726984778,0.042960827301522286
0.743,1.0373774342626376,-0.2943774342626376
2.247,2.205758522624876,0.041241477375123736
1.016,1.4877466848176653,-0.47174668481766524
3.91,3.0492709846207617,0.8607290153792384
2.65,2.1896302781273604,0.46036972187263947
5.00001,4.30605867019252,0.6939513298074793
1.865,2.6235969799448284,-0.7585969799448284
0.78,0.6334427941352061,0.14655720586479393
0.808,1.1377145159682343,-0.3297145159682342
1.896,2.387699499402416,-0.491699499402416
1.992,2.2685121614730903,-0.2765121614730903
1.896,2.4889024737081584,-0.5929024737081585
1.6,1.9824867234045769,-0.3824867234045768
3.753,3.8985194350212353,-0.1455194350212352
1.667,1.7492063985515784,-0.08220639855157841
2.156,2.284265828899322,-0.12826582889932192
2.286,2.463626534851798,-0.17762653485179802
1.713,2.050057561109874,-0.33705756110987384
4.31,3.513548288825895,0.7964517111741047
2.751,2.7594310955436967,-0.00843109554369681
2.768,3.519298633810351,-0.7512986338103511
0.463,0.8585104156469967,-0.3955104156469967
1.44,1.5507752239551849,-0.11077522395518491
0.943,0.645274577803967,0.29772542219603293
1.576,1.3385601570628793,0.23743984293712073
1.945,2.273493595288336,-0.3284935952883361
3.511,2.098159324239141,1.412840675760859
4.534,2.0384763939980957,2.495523606001904
2.246,1.8038677038563264,0.44213229614367355
1.556,1.8830439513447814,-0.32704395134478137
2.42,4.1139046440253395,-1.6939046440253396
0.7,1.5767935312571382,-0.8767935312571382
0.713,1.2535219622749452,-0.5405219622749452
0.668,1.001614526975679,-0.33361452697567906
1.531,2.517271075145736,-0.986271075145736
1.375,1.7640215786937077,-0.3890215786937077
2.304,2.6523038922937943,-0.34830389229379444
2.422,2.884069702975495,-0.46206970297549477
3.019,2.5433319170122317,0.4756680829877684
4.158,3.175528195379222,0.9824718046207783
1.565,2.125586833920181,-0.5605868339201812
0.786,0.34343115717784656,0.4425688428221535
4.414,3.674133766924676,0.7398662330753236
1.843,1.9812183719895344,-0.13821837198953446
2.765,3.2197711644987663,-0.4547711644987662
2.328,1.9486033235017857,0.3793966764982142
0.604,0.8156236876825531,-0.21162368768255313
2.241,2.1759387200860587,0.0650612799139414
4.39,2.973724848567805,1.4162751514321945
1.231,0.7301586325055851,0.500841367494415
2.557,2.9661382337082287,-0.40913823370822877
0.576,0.6661412432289708,-0.09014124322897088
1.998,2.490962479074973,-0.49296247907497315
0.513,0.9553015423616813,-0.4423015423616813
3.482,3.4488501299111007,0.03314987008889947
3.628,3.2137956458533523,0.4142043541466478
2.403,2.391782191622866,0.011217808377133931
0.736,1.1695411116131424,-0.43354111161314246
1.726,1.7834738375229904,-0.0574738375229904
2.29,2.294597652136801,-0.004597652136800967
1.663,2.019984363027831,-0.3569843630278309
0.833,1.0611266818425946,-0.22812668184259466
5.00001,3.9579028190213563,1.0421071809786433
3.329,3.135147310726758,0.19385268927324217
0.543,1.240041756971607,-0.6970417569716069
2.417,2.424028465127229,-0.007028465127229211
3.875,3.071121328436419,0.8038786715635808
1.364,1.7207050785642153,-0.3567050785642152
0.983,2.1161946363860693,-1.1331946363860692
1.76,1.878813755567684,-0.11881375556768403
0.63,0.8365684176911614,-0.2065684176911614
2.369,1.9093724393597284,0.45962756064027177
0.972,1.8692038417494032,-0.8972038417494033
2.2,1.3557932718225985,0.8442067281774017
1.058,1.6278649123498141,-0.5698649123498141
2.709,2.929787694549205,-0.22078769454920488
0.994,1.5032274475442904,-0.5092274475442904
1.663,1.5520392832812888,0.11096071671871122
1.438,1.7144942356511734,-0.2764942356511735
1.406,1.9554394384576668,-0.5494394384576669
3.309,3.0714259481094786,0.2375740518905216
1.569,2.1298267205442585,-0.5608267205442585
5.00001,3.444200496041404,1.5558095039585957
1.625,0.8504890029903649,0.7745109970096351
1.248,0.7516591386681526,0.4963408613318474
2.161,1.5582604694480438,0.6027395305519563
1.714,1.8445431295561292,-0.13054312955612923
3.256,2.7205778831506393,0.5354221168493605
1.098,1.0308255604087506,0.06717443959124947
2.762,2.550546993821307,0.21145300617869323
1.299,1.628790940831344,-0.32979094083134397
2.923,2.4062751677714473,0.5167248322285527
3.415,3.185675657561248,0.2293243424387521
0.668,0.41491999265463164,0.2530800073453684
2.388,2.241646178508354,0.14635382149164577
0.774,0.6768422505098712,0.09715774949012879
0.824,0.2668348421827744,0.5571651578172255
3.599,2.96206300539518,0.6369369946048202
4.657,3.402699443635832,1.2543005563641678
2.14,2.310852390316512,-0.170852390316512
1.071,1.4253075703083695,-0.35430757030836957
1.578,2.2828133977096314,-0.7048133977096314
1.193,1.881896108163403,-0.6888961081634029
2.329,2.3599941056626506,-0.030994105662650373
1.795,2.4367249504473136,-0.6417249504473137
0.701,0.463589790664237,0.23741020933576296
0.55,0.6225812487129261,-0.07258124871292604
0.659,0.8275441391072178,-0.16854413910721777
0.996,1.145166802749607,-0.14916680274960692
5.00001,4.730248435881087,0.2697615641189124
1.641,2.492699653474375,-0.851699653474375
0.77,0.6836402966627446,0.0863597033372554
1.403,1.0054908986926776,0.3975091013073224
1.729,1.4112175991162275,0.31778240088377263
5.00001,2.0685796304928203,2.9314303695071793
3.143,1.9745779168580029,1.168422083141997
5.00001,2.628819137035819,2.3711908629641805
5.00001,5.895145758362688,-0.895135758362688
1.43,1.716168764251961,-0.286168764251961
2.806,2.3865032445417356,0.4194967554582645
3.75,2.0796248340786647,1.6703751659213353
1.375,1.5887169329102093,-0.21371693291020932
3.371,3.2232832685517607,0.14771673144823927
1.28,1.3695801561734342,-0.08958015617343418
1.854,1.9511143475641504,-0.09711434756415027
0.63,0.6244273466569723,0.0055726533430277
1.095,2.3412573692328777,-1.2462573692328778
4.0,1.2077841622699523,2.7922158377300477
1.519,2.59613067686157,-1.07713067686157
0.563,0.62665045146273,-0.06365045146273007
1.025,0.4824295072592548,0.5425704927407451
2.25,2.1319234715844004,0.11807652841559957
1.455,1.99524681189029,-0.5402468118902899
3.631,2.303368237412748,1.3276317625872518
2.49,1.810287072862387,0.6797129271376132
4.153,3.311841977824585,0.8411580221754145
2.674,2.487587318738484,0.1864126812615159
0.75,1.121765534248624,-0.3717655342486239
2.5,2.177743650799272,0.3222563492007282
1.618,1.4469080686017506,0.17109193139824952
0.975,0.6955215583991787,0.27947844160082125
1.115,1.862014503086904,-0.747014503086904
0.873,0.8834100968849086,-0.01041009688490857
2.729,1.8920872965476647,0.8369127034523354
1.244,0.9797168405519443,0.2642831594480557
2.287,2.8951611662390135,-0.6081611662390136
2.295,2.6939453415720607,-0.39894534157206074
1.625,1.9006333137213787,-0.27563331372137867
0.8,2.112208029071631,-1.3122080290716311
1.188,1.6913148730371077,-0.5033148730371078
2.442,3.2814391971229284,-0.8394391971229282
1.875,2.1769651896213134,-0.30196518962131336
2.46,2.324861677211125,0.13513832278887516
1.026,1.3452783906772154,-0.3192783906772154
1.167,0.7200360421677914,0.44696395783220866
1.375,1.1713021591460588,0.20369784085394116
1.719,2.8283983914937565,-1.1093983914937564
1.031,1.359536425390644,-0.328536425390644
2.391,2.4643643248447304,-0.07336432484473043
1.94,2.465923789300966,-0.5259237893009661
2.199,2.1588121521134624,0.0401878478865374
3.8,3.7870670781973175,0.012932921802682351
1.557,1.721559555422182,-0.16455955542218215
0.899,0.3772012872447448,0.5217987127552552
0.893,1.8111462671814493,-0.9181462671814493
0.55,0.6456735476093627,-0.09567354760936264
0.498,0.9728108611643052,-0.47481086116430515
1.464,1.6961298196574646,-0.2321298196574646
2.78,3.148978318559571,-0.3689783185595714
2.887,3.318175472351328,-0.4311754723513279
1.292,2.194042243570948,-0.9020422435709479
2.216,2.569357170661668,-0.35335717066166783
0.856,2.820240387471536,-1.964240387471536
1.604,1.942279488978727,-0.33827948897872684
0.576,0.5966764241592557,-0.020676424159255746
3.485,2.549479637855164,0.9355203621448358
1.994,2.7298650618066986,-0.7358650618066986
0.971,1.6035432505896878,-0.6325432505896879
0.581,1.1337721508211729,-0.5527721508211729
3.01,2.65268450233269,0.35731549766730986
0.742,1.4149343210036491,-0.6729343210036491
2.494,1.9234382831098458,0.5705617168901544
2.67,2.731965734354148,-0.06196573435414798
1.199,1.1891977689066664,0.009802231093333669
0.777,0.38433186818907217,0.39266813181092786
1.434,1.453825589365465,-0.01982558936546508
0.612,0.5795311490468862,0.032468850953113804
2.068,2.412117965661473,-0.3441179656614728
3.282,3.0142922569576953,0.2677077430423047
3.606,2.6777809456542983,0.9282190543457016
1.078,1.691575197626122,-0.6135751976261219
0.515,0.46596263507706226,0.049037364922937754
0.675,1.1116191799856594,-0.43661917998565936
1.841,1.7156618934127934,0.12533810658720657
2.0,1.756064260696789,0.2439357393032111
3.54,1.6144711485109724,1.9255288514890276
3.938,2.0030849495469027,1.9349150504530974
1.321,2.1194321377312377,-0.7984321377312378
3.065,2.8442901912601073,0.22070980873989265
1.349,1.6127299100147852,-0.2637299100147852
3.193,3.094716016035882,0.09828398396411808
3.039,2.6412898752805702,0.3977101247194299
3.5,1.574149134522834,1.925850865477166
2.312,2.445351660398785,-0.1333516603987852
1.313,2.3546291642936765,-1.0416291642936766
1.208,1.876400130667129,-0.668400130667129
1.352,1.103521235727868,0.248478764272132
0.689,1.3768148360124073,-0.6878148360124073
4.25,2.665978917563642,1.584021082436358
1.605,1.744113201109755,-0.1391132011097551
1.51,2.0860365136656043,-0.5760365136656043
3.495,3.91381606701745,-0.4188160670174499
0.602,1.005983340345793,-0.403983340345793
3.964,2.9365346311369436,1.0274653688630564
2.785,2.3712453398246467,0.41375466017535345
2.393,1.0772732560064426,1.3157267439935572
2.249,2.199141190020434,0.04985880997956604
0.913,1.4050342749991103,-0.49203427499911023
1.114,1.4854009170914892,-0.37140091709148915
1.508,1.7491046585821621,-0.24110465858216212
0.647,0.6272095387810737,0.01979046121892636
3.588,2.9211152432455734,0.6668847567544267
2.328,2.482704368935849,-0.15470436893584916
0.544,-0.13469451197738636,0.6786945119773864
0.982,0.8755994489490817,0.10640055105091828
2.258,2.1296403625930935,0.12835963740690648
1.161,1.9395279366223832,-0.7785279366223832
1.964,1.9320741609358834,0.03192583906411661
1.232,0.7186887858365836,0.5133112141634164
1.564,2.519550786679119,-0.9555507866791189
1.668,2.120197132062188,-0.45219713206218803
2.159,2.1312982978229016,0.02770170217709822
1.173,1.600457475218775,-0.427457475218775
2.432,1.5808879534196407,0.8511120465803592
0.729,1.2988315826528734,-0.5698315826528734
1.917,2.3627190374043536,-0.4457190374043536
0.6,1.550451444215554,-0.9504514442155539
1.954,2.2601126794838535,-0.30611267948385357
1.116,2.0091188590032374,-0.8931188590032373
2.685,2.225810612889127,0.459189387110873
2.6,2.556110868589194,0.043889131410806304
0.894,0.9758907002509432,-0.08189070025094314
2.352,3.3911179967365115,-1.0391179967365116
3.861,2.0599558024080196,1.8010441975919806
1.875,1.5280377755741483,0.3469622244258517
2.234,2.033130590352684,0.20086940964731603
1.203,1.9518960922388118,-0.7488960922388117
1.358,1.0231572629042915,0.33484273709570855
3.074,2.2848204200758175,0.7891795799241823
3.268,2.7621496570645476,0.5058503429354522
0.703,0.36837953430600834,0.3346204656939916
0.682,0.8017644013700576,-0.1197644013700575
1.146,0.8790529946634678,0.26694700533653215
1.772,2.6831627441299375,-0.9111627441299375
0.819,1.303746594956813,-0.48474659495681305
0.906,1.7426018777208583,-0.8366018777208583
0.568,0.9952695017695987,-0.42726950176959877
3.238,2.9894305005625554,0.24856949943744455
2.444,1.0454468399908237,1.3985531600091763
1.443,1.7089817241387308,-0.2659817241387308
1.642,1.5120321654411484,0.12996783455885152
2.376,2.9058176445026973,-0.5298176445026974
2.43,2.5585869211843146,-0.12858692118431447
0.833,1.1252879717641164,-0.29228797176411647
0.875,2.1320429185507095,-1.2570429185507095
1.317,1.4706752249154391,-0.15367522491543917
0.47,0.4138804893876511,0.05611951061234888
1.953,1.9196602334367938,0.03333976656320625
1.841,2.1744531468842396,-0.33345314688423966
1.288,0.5639390065031975,0.7240609934968025
1.182,0.5139303077491704,0.6680696922508296
2.128,1.7389683777605427,0.3890316222394574
1.413,0.6664998987884871,0.7465001012115129
2.271,1.873305680709585,0.397694319290415
0.808,2.2652575809684024,-1.4572575809684023
2.013,2.0123567739443544,0.000643226055645485
1.833,1.9342341066408437,-0.10123410664084376
1.55,1.6539518581273356,-0.10395185812733554
1.438,2.0309390307308988,-0.5929390307308988
1.375,2.56674880889679,-1.19174880889679
2.801,1.801507531314087,0.9994924686859132
2.459,2.4601387568579938,-0.0011387568579936946
2.436,2.137118341081859,0.2988816589181411
1.03,1.6180517326332549,-0.5880517326332548
1.038,0.9802477460839825,0.05775225391601757
2.359,1.8288775465861775,0.5301224534138225
1.619,2.303390969933666,-0.6843909699336661
3.944,2.3417148578404507,1.6022851421595492
1.458,1.2072633707903364,0.25073662920966355
1.848,2.511129347992558,-0.6631293479925577
2.423,2.3511873075193606,0.07181269248063948
3.355,2.1610165858593007,1.1939834141406993
1.655,1.413485917846529,0.24151408215347092
2.048,3.1355907331225836,-1.0875907331225836
1.597,1.2490606774119826,0.3479393225880174
1.691,1.5369841345500745,0.15401586544992552
4.786,2.302700481847886,2.483299518152114
2.589,2.1437397017809303,0.44526029821906965
3.24,2.4443201285534357,0.7956798714465645
1.031,0.5829235908478481,0.44807640915215186
1.381,1.5926050078744112,-0.21160500787441117
0.916,1.3093163286020228,-0.3933163286020228
2.289,3.008564012366243,-0.7195640123662428
1.388,1.4471075726676759,-0.05910757266767597
2.522,2.208529833703089,0.3134701662969106
4.203,3.511914036660592,0.6910859633394084
2.436,2.8211776081535405,-0.3851776081535405
1.421,1.82521677141753,-0.40421677141753
0.675,0.9487174829301139,-0.2737174829301139
0.928,1.8184481280988578,-0.8904481280988578
1.908,2.447633081217269,-0.5396330812172692
2.239,2.0341697386673516,0.20483026133264826
1.434,1.877838958140977,-0.44383895814097696
1.327,0.3667451655188003,0.9602548344811996
0.99,1.1483545491496017,-0.15835454914960168
0.677,0.770263300171635,-0.09326330017163498
2.274,2.875332335859966,-0.6013323358599658
2.286,2.4316716822739437,-0.14567168227394367
1.358,1.5851574047536943,-0.22715740475369417
3.621,3.154825381910939,0.4661746180890609
2.813,2.6610821875618598,0.1519178124381404
5.00001,5.019110514023602,-0.019100514023602244
0.906,1.7807459708426165,-0.8747459708426165
0.663,1.183550632063259,-0.5205506320632589
1.502,1.3060363228198995,0.19596367718010055
1.703,1.7029468166344799,5.318336552018188e-05
0.993,0.09873187460782162,0.8942681253921784
3.229,2.5837583608279857,0.6452416391720144
2.132,0.6137914331854404,1.5182085668145597
2.17,2.312939163830137,-0.14293916383013716
2.679,1.9341477410220875,0.7448522589779123
2.063,1.8212340438837984,0.24176595611620177
3.768,2.347315288075535,1.4206847119244648
0.875,0.7850577482249221,0.08994225177507786
3.047,2.395288129304589,0.651711870695411
4.602,2.8887252736461946,1.7132747263538057
1.285,1.598137552402683,-0.31313755240268315
2.846,3.2542862512477555,-0.4082862512477554
1.196,1.5255231821463866,-0.32952318214638665
2.086,2.218860646086185,-0.13286064608618497
1.175,2.3397468683329663,-1.1647468683329663
0.669,0.826733436330457,-0.157733436330457
2.048,1.7920300263632427,0.25596997363675733
0.746,1.2525847057951296,-0.5065847057951296
1.091,1.5818766995363376,-0.4908766995363376
1.143,1.9545142776518247,-0.8115142776518247
3.083,2.4999451227672154,0.5830548772327848
1.13,1.1435543697805528,-0.01355436978055291
0.917,0.6343236681612936,0.28267633183870644
1.342,1.5925378124475884,-0.2505378124475883
4.25,2.050100506550386,2.199899493449614
0.539,0.8164707365154271,-0.2774707365154271
3.106,2.2807588519027817,0.8252411480972182
2.417,2.3003629501057645,0.11663704989423529
2.268,2.640671734529988,-0.37267173452998836
1.008,2.070774740775853,-1.0627747407758532
2.38,2.15368803828661,0.22631196171338974
2.455,2.021159175354768,0.4338408246452321
1.565,2.340459795869883,-0.775459795869883
1.156,2.571000383645597,-1.4150003836455969
0.664,1.0391990189244353,-0.3751990189244353
0.588,1.0562574921521986,-0.4682574921521986
2.236,2.1590796716304013,0.07692032836959894
1.693,2.207100209814051,-0.514100209814051
1.667,1.4112135690487264,0.2557864309512736
2.25,2.4852665993606706,-0.23526659936067063
0.726,0.8031433332992179,-0.07714333329921796
1.603,2.040546257556869,-0.43754625755686916
1.475,1.4927636854971738,-0.017763685497173665
0.912,1.5753090946795112,-0.6633090946795112
2.083,1.5030054471719794,0.5799945528280208
3.353,2.3476146907815334,1.0053853092184668
0.58,0.3720341037741335,0.20796589622586648
2.265,1.9924292489155278,0.2725707510844724
3.452,3.845050103244901,-0.3930501032449012
1.068,1.3028699600398639,-0.23486996003986382
5.00001,0.8516218046365225,4.148388195363477
2.75,2.4022311380957078,0.34776886190429224
0.958,0.9710580623013385,-0.013058062301338547
0.972,1.5768179399528819,-0.6048179399528819
1.55,1.4570747817238114,0.0929252182761886
4.0,3.9007663572561952,0.09923364274380475
5.00001,1.8764196858179574,3.1235903141820422
3.043,3.033799713236313,0.009200286763687338
3.592,3.1636069003869665,0.4283930996130336
1.447,1.7232528616298097,-0.27625286162980967
3.528,2.3429154636609297,1.1850845363390703
3.556,2.83205571704282,0.7239442829571798
0.991,1.591733808800214,-0.600733808800214
2.504,2.293225957347758,0.21077404265224198
1.056,1.3109947448859742,-0.2549947448859742
5.00001,3.995830354469085,1.0041796455309147
1.62,1.9611282628417115,-0.3411282628417114
2.722,2.878682229049069,-0.15668222904906903
2.459,3.2261278284622534,-0.7671278284622534
1.833,1.8650210344926634,-0.03202103449266347
2.207,2.8422466963308537,-0.6352466963308538
1.61,2.293026939307417,-0.6830269393074169
3.039,3.0467280015563745,-0.00772800155637432
2.662,2.2640977999320953,0.39790220006790467
0.901,1.2447284670444887,-0.3437284670444887
0.875,1.5635383243223941,-0.6885383243223941
2.094,1.8697952299612908,0.2242047700387091
1.887,1.7937743819464416,0.09322561805355845
1.014,1.6539713924946469,-0.6399713924946469
3.875,3.6659270787569085,0.20907292124309151
3.591,2.644397484988943,0.9466025150110573
3.273,1.9789126819376506,1.2940873180623496
2.792,2.4220358812572584,0.3699641187427414
2.336,3.161926992109443,-0.825926992109443
1.635,2.730746256922828,-1.0957462569228278
1.242,2.3315424798743436,-1.0895424798743436
4.5,2.4290719297129257,2.0709280702870743
1.119,1.5816373617180375,-0.4626373617180375
0.908,1.5088750042140617,-0.6008750042140617
1.206,2.6323206956962864,-1.4263206956962864
4.838,3.1975282819143516,1.6404717180856485
3.667,2.3735051309307806,1.2934948690692192
2.01,1.9919191877255429,0.018080812274456903
3.336,2.7317777996372286,0.6042222003627713
3.625,2.1559968748038614,1.4690031251961386
1.701,1.9419728028467418,-0.24097280284674172
2.467,2.8693047303849184,-0.4023047303849183
1.612,1.8561984690956947,-0.24419846909569465
1.47,1.0052932441178513,0.4647067558821487
1.179,1.8617433858207448,-0.6827433858207448
1.113,0.8275591468196808,0.2854408531803192
2.665,2.644992558363164,0.0200074416368361
1.135,1.6269052647525157,-0.4919052647525157
3.291,2.3388286809839443,0.9521713190160557
5.00001,2.978236512074453,2.0217734879255467
2.365,1.89511236062841,0.4698876393715903
1.222,1.3179113263133004,-0.09591132631330046
0.819,0.33748001174593867,0.4815199882540613
3.864,3.3298830704280533,0.5341169295719466
1.848,2.1196223692659046,-0.27162236926590455
1.607,2.806800527100094,-1.1998005271000942
1.016,1.1018109842934933,-0.08581098429349332
4.24,3.1729379087774348,1.0670620912225655
2.625,2.657117616454009,-0.032117616454009124
3.694,2.156922106119069,1.537077893880931
1.151,2.2457888737439333,-1.0947888737439333
2.817,2.199318469592974,0.617681530407026
0.981,1.6695072630795167,-0.6885072630795167
1.311,1.7936318157703326,-0.48263181577033265
2.518,2.125859253940675,0.3921407460593249
2.327,2.6606669091274284,-0.33366690912742847
1.392,1.2034300239787328,0.18856997602126713
0.715,1.2699448396841646,-0.5549448396841646
3.405,2.834096721469365,0.5709032785306349
2.708,2.1889000694046103,0.5190999305953898
1.556,1.601334849890769,-0.04533484989076886
0.892,1.0151990597412848,-0.12319905974128476
1.67,2.478208319853458,-0.808208319853458
1.031,0.8085591618543617,0.2224408381456382
1.805,2.285920112141767,-0.480920112141767
0.512,1.0783181200604304,-0.5663181200604304
2.046,2.3938784419408563,-0.3478784419408565
3.872,2.1502565751921807,1.7217434248078192
1.625,1.53656048374431,0.08843951625568991
1.204,1.6049005959705411,-0.4009005959705412
1.397,1.3297534603968728,0.06724653960312721
0.982,1.1311732718856575,-0.14917327188565754
2.694,2.935807016579872,-0.24180701657987225
2.691,2.311446849249151,0.3795531507508487
5.00001,2.8008804493392603,2.1991295506607393
0.496,0.774507253022982,-0.27850725302298196
0.58,0.7990198204093417,-0.21901982040934176
0.659,0.911199653682317,-0.252199653682317
1.754,2.3202477642037707,-0.5662477642037707
3.918,3.426665239996076,0.49133476000392395
2.808,2.084521715369789,0.723478284630211
0.907,1.5243194352321368,-0.6173194352321367
5.00001,5.0548193161470465,-0.05480931614704687
0.923,1.6391592163837885,-0.7161592163837884
2.271,2.755251378591261,-0.484251378591261
1.625,1.5826709224236097,0.04232907757639026
2.909,2.9621490525336185,-0.05314905253361868
1.831,1.8930832913245368,-0.06208329132453683
2.832,3.272700589735095,-0.44070058973509507
1.774,2.730071560936743,-0.956071560936743
2.387,2.7454095477479967,-0.3584095477479967
3.213,2.468645964434039,0.7443540355659612
2.615,2.848900831507038,-0.23390083150703767
0.993,1.6295475321247679,-0.6365475321247679
2.261,2.4964071569760478,-0.23540715697604764
0.517,0.5783454983188463,-0.06134549831884628
1.569,1.9866985816848413,-0.4176985816848413
1.609,2.0158220313709023,-0.40682203137090234
2.224,2.212666192206889,0.011333807793111106
3.052,2.770789432286449,0.281210567713551
1.388,1.9998754133842667,-0.6118754133842668
2.307,2.8546526998963486,-0.5476526998963487
0.943,1.2956481120829153,-0.35264811208291535
0.972,1.6129846682578943,-0.6409846682578944
3.821,2.771875535829956,1.0491244641700441
1.932,2.560347272993347,-0.6283472729933473
2.095,1.8603344975753444,0.23466550242465578
2.314,1.9154843379115576,0.39851566208844247
0.893,1.8564691195895549,-0.9634691195895548
1.961,2.2020208355702877,-0.24102083557028764
1.135,1.129940860029464,0.005059139970535975
1.784,2.3215922774030204,-0.5375922774030204
4.065,2.4231521457116187,1.6418478542883816
2.282,2.320416605641263,-0.038416605641263146
2.348,2.343112611799029,0.00488738820097101
2.313,2.036396999227712,0.27660300077228817
5.00001,3.8037527295871243,1.1962572704128753
1.841,2.0565666675815564,-0.2155666675815564
2.137,2.6297233059417024,-0.49272330594170244
5.00001,4.016239456591691,0.9837705434083084
1.692,1.9881233900067272,-0.29612339000672727
2.324,2.6550794973734,-0.33107949737340014
3.517,3.774673923210017,-0.2576739232100169
2.346,2.1190161435070323,0.22698385649296782
1.125,2.1068357635865027,-0.9818357635865027
1.452,1.5676702086720908,-0.11567020867209088
0.872,1.0531153896778207,-0.1811153896778207
0.535,0.8535018494218747,-0.31850184942187465
0.438,1.0695941372838575,-0.6315941372838576
0.942,0.13075918993078517,0.8112408100692148
2.188,1.3220867692626612,0.865913230737339
1.919,2.052701712875077,-0.13370171287507704
1.322,1.7933335799928898,-0.4713335799928897
0.468,1.1344167303501536,-0.6664167303501536
1.497,2.460553925996777,-0.9635539259967769
1.263,1.5836028589465627,-0.3206028589465628
2.559,2.6646553066886653,-0.10565530668866518
0.945,1.4131422141964478,-0.46814221419644786
2.371,2.400938658709485,-0.0299386587094852
5.00001,3.119946683985461,1.8800633160145388
0.875,1.6812043394178957,-0.8062043394178957
1.266,1.0634605499622438,0.2025394500377562
2.451,2.616851014742231,-0.16585101474223096
1.574,1.9698621546825663,-0.39586215468256625
0.784,0.891491176766948,-0.10749117676694797
2.181,2.1977810387308097,-0.016781038730809605
3.5,2.2432599546609637,1.2567400453390363
1.984,1.9233060615246487,0.06069393847535132
1.439,1.6241183326086386,-0.18511833260863853
3.379,3.0187883756728553,0.3602116243271447
0.763,1.2902524479438284,-0.5272524479438284
1.601,2.2953558235064193,-0.6943558235064193
1.306,1.6415946963222225,-0.3355946963222225
1.125,1.3569338933250492,-0.2319338933250492
3.292,2.6972764781242233,0.5947235218757765
2.333,1.8893944859610343,0.44360551403896586
0.992,1.5715563818511313,-0.5795563818511313
1.979,1.9708870367385813,0.008112963261418749
2.041,3.062999151074955,-1.0219991510749549
3.5,2.7270156131914334,0.7729843868085666
0.621,1.1855923866725178,-0.5645923866725178
1.404,1.3466275213119658,0.05737247868803408
1.521,2.2866815184508127,-0.7656815184508128
1.305,0.18966453955133034,1.1153354604486696
1.951,2.488797689412884,-0.537797689412884
1.995,2.432545153275804,-0.4375451532758037
1.375,1.6865342094626001,-0.31153420946260013
2.75,2.119584949434767,0.6304150505652331
1.229,2.2426091277260056,-1.0136091277260055
1.09,1.5739533508591421,-0.48395335085914204
1.217,1.024084875492207,0.19291512450779313
3.02,3.3032827646019314,-0.28328276460193136
2.417,1.9591602894581186,0.4578397105418812
1.532,2.2438921492351156,-0.7118921492351156
1.693,2.6888253780074436,-0.9958253780074435
3.585,3.965409236917509,-0.38040923691750894
1.75,1.953277832655509,-0.20327783265550892
1.125,1.1624087476715133,-0.037408747671513254
3.76,3.6389139591467625,0.12108604085323726
1.188,0.7503461880538111,0.4376538119461888
4.01,3.2327527834837895,0.7772472165162103
1.079,0.9484426022163461,0.13055739778365383
3.397,2.456969702170788,0.9400302978292117
1.58,2.1148645278359695,-0.5348645278359694
4.688,2.898234045079967,1.7897659549200329
0.631,0.8080201135338854,-0.17702011353388536
1.846,2.188070924468825,-0.3420709244688247
1.897,2.3888792508327654,-0.4918792508327654
1.909,2.110426575016774,-0.20142657501677408
0.675,1.7203384727761133,-1.0453384727761132
0.853,1.3169562476576075,-0.46395624765760757
1.736,2.2430504381105365,-0.5070504381105365
1.297,1.6067240951506392,-0.30972409515063926
1.81,2.5697298442687853,-0.7597298442687852
5.00001,6.988095146716958,-1.9880851467169585
3.762,3.6356014612061713,0.12639853879382867
2.43,2.713586186794629,-0.28358618679462877
1.482,1.4660009967005436,0.01599900329945636
2.381,2.962907977947822,-0.581907977947822
4.5,2.9712095436980945,1.5287904563019055
2.4,2.7001083074666354,-0.3001083074666355
5.00001,1.5475304901227247,3.452479509877275
2.741,2.6158160530101995,0.12518394698980062
1.901,2.6441881127628264,-0.7431881127628264
2.684,2.7424184429380105,-0.05841844293801035
3.493,2.170701551109211,1.322298448890789
2.757,2.4745952888424014,0.2824047111575987
1.828,2.002940515091531,-0.17494051509153086
5.00001,5.911645942703437,-0.9116359427034375
2.132,2.1587183456953767,-0.026718345695376566
1.795,2.412675255992937,-0.6176752559929373
1.385,1.3639564230961838,0.021043576903816197
1.813,1.4889152834178176,0.3240847165821823
3.405,2.143619948634395,1.2613800513656046
2.25,1.9459680093835487,0.30403199061645125
0.683,1.031992500137818,-0.348992500137818
2.379,2.72498806076765,-0.3459880607676502
1.497,1.843681661990857,-0.3466816619908568
1.258,1.9241183508752755,-0.6661183508752755
0.876,1.7770933288578235,-0.9010933288578235
1.25,1.5675470958231372,-0.3175470958231372
1.688,1.1372574633940644,0.5507425366059355
1.35,2.1601876922018945,-0.8101876922018945
0.863,1.3441737970052827,-0.48117379700528273
0.649,1.0834490122193472,-0.4344490122193472
1.063,1.7622861776198135,-0.6992861776198136
2.857,3.0232561299364917,-0.16625612993649153
2.724,3.130575878117071,-0.40657587811707074
2.177,2.7884297363077337,-0.6114297363077337
0.918,1.7935824404657765,-0.8755824404657765
1.63,2.038775393639199,-0.4087753936391989
1.951,2.160923943790287,-0.20992394379028712
0.325,0.8413489893777069,-0.5163489893777069
2.753,1.8796068203929437,0.8733931796070564
1.369,1.6656041054004191,-0.29660410540041915
1.941,2.26851697002396,-0.32751697002395974
2.302,2.2026180448655595,0.09938195513444059
1.436,1.3588406386760354,0.0771593613239645
0.396,0.7401181344407703,-0.34411813444077033
0.598,0.37659938303799834,0.22140061696200164
2.107,2.4526215139756715,-0.3456215139756713
1.563,0.8940439631881887,0.6689560368118113
2.156,2.2647425439294366,-0.1087425439294365
1.775,1.7330495132026371,0.041950486797362796
2.189,2.112392449943634,0.07660755005636588
1.284,1.840881856930423,-0.556881856930423
1.906,1.731035137018722,0.1749648629812779
3.983,2.516467136431281,1.4665328635687191
3.671,1.6278709763621038,2.043129023637896
1.225,1.8757294085568716,-0.6507294085568716
3.761,1.599972821030775,2.161027178969225
1.576,1.64092829461827,-0.06492829461826988
1.781,1.4769013643160918,0.30409863568390816
0.724,0.7451213438378446,-0.021121343837844586
2.876,2.6785719638456484,0.19742803615435145
1.75,1.7018246608245065,0.04817533917549355
2.808,2.045558772724469,0.7624412272755308
1.605,2.1285740906374073,-0.5235740906374073
1.586,1.8787137507476501,-0.29271375074765005
1.443,1.5287606814481052,-0.08576068144810511
1.363,1.8457089063594125,-0.48270890635941255
2.182,2.5343711042509938,-0.3523711042509938
4.664,3.2779457782453107,1.386054221754689
3.861,4.548419771868986,-0.6874197718689854
2.512,1.8791907394094025,0.6328092605905975
1.904,1.7639029054437572,0.14009709455624275
2.231,2.354501750641056,-0.12350175064105606
3.61,2.410707172059837,1.199292827940163
2.75,0.7189039302935996,2.0310960697064004
0.708,1.0959868880656316,-0.38798688806563164
4.6,2.3757655050559308,2.224234494944069
0.675,1.0233057564225376,-0.3483057564225376
2.25,1.0772946837484199,1.1727053162515801
1.761,2.057235936510999,-0.296235936510999
0.524,0.6682838532723281,-0.14428385327232807
1.676,2.4392207039160354,-0.7632207039160355
0.997,1.3366797058716244,-0.33967970587162444
0.889,1.502613204082195,-0.6136132040821949
2.237,2.3341178917060645,-0.09711789170606444
1.805,2.1444877512910736,-0.33948775129107367
0.932,1.5808861789515092,-0.6488861789515091
1.738,1.7122819137503313,0.025718086249668648
4.908,3.8747924653302235,1.0332075346697769
1.042,1.481935325665404,-0.43993532566540394
2.761,2.268846836353319,0.49215316364668116
2.547,2.506472509334017,0.040527490665982935
2.123,2.7611409970623484,-0.6381409970623482
0.875,1.5842541111354578,-0.7092541111354578
0.942,1.4825699372249517,-0.5405699372249517
1.635,2.584865238709142,-0.949865238709142
5.00001,2.39840225598099,2.6016077440190095
1.25,1.6822311215060353,-0.43223112150603527
1.823,1.916905675353199,-0.09390567535319905
1.117,1.4463728599870223,-0.32937285998702226
1.46,1.668209029699426,-0.20820902969942612
5.00001,4.015481947402705,0.9845280525972946
3.205,2.8381307136709566,0.3668692863290435
0.48,1.012181336229915,-0.532181336229915
1.688,2.956424618119982,-1.268424618119982
0.675,0.4486004984113734,0.22639950158862665
1.731,1.5838343039261389,0.1471656960738612
1.5,1.1907226218917302,0.30927737810826983
3.292,2.8225025745566583,0.4694974254433415
1.41,1.7536790486543268,-0.34367904865432686
3.78,3.3055116899262202,0.47448831007377956
0.802,0.47740051746822587,0.3245994825317742
2.033,1.949976118124063,0.08302388187593701
3.949,4.030328437953436,-0.08132843795343625
0.845,1.189141688057056,-0.344141688057056
3.273,2.004252448431181,1.268747551568819
2.012,2.010232651512233,0.001767348487767162
1.625,2.4448058352857416,-0.8198058352857416
2.66,3.096658199719215,-0.43665819971921493
2.212,2.6028025179870937,-0.39080251798709353
1.765,2.1274547282947864,-0.36245472829478653
2.063,2.265541626729231,-0.20254162672923082
5.00001,3.0657075730003527,1.934302426999647
1.867,2.016141487665344,-0.14914148766534385
1.125,2.5686777439658925,-1.4436777439658925
0.905,1.1958855707686311,-0.2908855707686311
1.908,2.172861896029346,-0.26486189602934607
1.988,1.554442172453534,0.433557827546466
1.656,1.9246751099248982,-0.2686751099248983
5.00001,3.962118101628228,1.0378918983717718
1.457,2.2395088289548823,-0.7825088289548823
0.913,1.2382635177054482,-0.32526351770544815
1.404,1.9784609174482952,-0.5744609174482953
1.917,1.9340797822447868,-0.01707978224478679
0.611,0.7628629092075272,-0.1518629092075272
1.53,1.5856430609783772,-0.055643060978377124
0.855,1.3651653742454073,-0.5101653742454073
1.645,0.9988116987173257,0.6461883012826743
3.862,3.5593268158717066,0.30267318412829347
3.413,3.2587947250639218,0.15420527493607805
2.464,2.3362821523956327,0.12771784760436722
1.218,1.7145756904405332,-0.4965756904405332
1.325,2.00460059364012,-0.6796005936401202
0.98,1.7102040788360995,-0.7302040788360995
2.414,2.2902392277507673,0.12376077224923288
1.713,2.5125708007758476,-0.7995708007758475
1.201,1.3554936501271797,-0.15449365012717964
5.00001,6.730427123280322,-1.730417123280322
1.927,1.6439892384652879,0.28301076153471216
2.328,2.2040840297718702,0.12391597022812961
1.918,2.190384165148238,-0.27238416514823816
1.963,2.4395562272712397,-0.4765562272712396
2.939,2.9521026213654267,-0.013102621365426614
0.846,1.7111947022583252,-0.8651947022583252
5.00001,4.060169209330972,0.9398407906690274
5.00001,3.815333375198371,1.1846766248016287
1.073,2.1431857669810626,-1.0701857669810626
1.5,2.451829323431248,-0.951829323431248
2.042,2.362329881100109,-0.3203298811001094
2.683,3.272305300308439,-0.589305300308439
1.035,0.6631800309814011,0.3718199690185988
1.615,1.771819483969594,-0.156819483969594
2.224,2.0921361457314376,0.13186385426856262
1.669,1.656118865088871,0.012881134911129077
2.292,2.2666778290273513,0.02532217097264855
2.059,1.7433891417144025,0.31561085828559765
0.955,0.5256021229157142,0.4293978770842858
1.625,2.5666705026705614,-0.9416705026705614
2.407,2.3758164252529,0.031183574747100096
0.828,1.4062490916139865,-0.5782490916139865
2.302,1.3510388059527187,0.9509611940472813
1.859,1.7177411494337846,0.14125885056621534
1.058,1.3149160611489208,-0.25691606114892074
1.188,1.4155217875975836,-0.22752178759758368
1.944,2.2561571434287586,-0.31215714342875867
1.833,2.115822228143948,-0.28282222814394786
2.925,2.069980963652533,0.8550190363474668
1.442,1.7983386951954472,-0.35633869519544725
5.00001,2.42690758622615,2.5731024137738494
1.342,2.1977548950842376,-0.8557548950842375
0.528,0.7335252712176086,-0.20552527121760855
1.887,2.1522063943695002,-0.2652063943695002
2.04,2.2564617332150334,-0.21646173321503337
1.795,2.0092891047276,-0.21428910472759988
0.989,1.1588254470457358,-0.16982544704573577
2.799,2.2454044001537454,0.5535955998462545
3.277,2.643900974376294,0.6330990256237063
2.08,1.7069186162180756,0.37308138378192446
2.083,2.4879254412256344,-0.40492544122563423
1.125,3.594882949279885,-2.469882949279885
2.347,3.0724514601720117,-0.7254514601720117
2.145,2.2412397810665965,-0.09623978106659647
3.385,3.1470918165620603,0.2379081834379395
5.00001,7.0873672941463965,-2.087357294146397
2.841,2.4536550771196985,0.38734492288030165
5.00001,3.978487095310726,1.0215229046892738
1.813,1.5697725257292063,0.2432274742707936
1.25,1.7141005176730744,-0.46410051767307436
4.125,1.9362106366637093,2.1887893633362907
1.125,0.9127553926935903,0.2122446073064097
0.903,-0.22592301531837933,1.1289230153183794
0.96,1.8925513534116902,-0.9325513534116903
1.425,1.8810909372308302,-0.45609093723083016
2.663,2.676174635292277,-0.013174635292277248
1.65,1.6951928858793934,-0.04519288587939352
1.18,1.7231833915976864,-0.5431833915976865
1.564,2.3887759932125263,-0.8247759932125263
4.268,4.252422077473547,0.015577922526452959
3.086,2.5519833762352064,0.5340166237647934
2.392,0.9537426991924747,1.4382573008075252
1.094,1.7888494801849149,-0.6948494801849148
0.666,0.8539208388917103,-0.1879208388917103
3.685,3.1016509711867926,0.5833490288132075
3.305,3.4201768500957783,-0.11517685009577816
2.736,2.665244726794839,0.07075527320516128
5.00001,4.7326210574693235,0.26738894253067613
3.211,3.268168843859513,-0.05716884385951326
2.426,1.7461355695415506,0.6798644304584496
2.319,2.501074226803034,-0.1820742268030342
1.514,2.516690185271834,-1.002690185271834
2.278,2.4256857126389164,-0.1476857126389164
3.8,3.2841826753630556,0.5158173246369442
0.952,1.951025509607753,-0.9990255096077529
1.939,2.0896887876448034,-0.1506887876448033
2.607,2.405102563234614,0.2018974367653863
1.91,1.580215605163687,0.32978439483631283
0.649,1.1117470121654733,-0.4627470121654733
1.283,1.9184456212639418,-0.6354456212639419
1.898,2.3137447423812674,-0.41574474238126746
1.833,1.8440251006697608,-0.011025100669760812
1.518,0.2934277693895382,1.2245722306104618
2.573,2.0166514695723166,0.5563485304276834
1.375,-0.0775179905469372,1.4525179905469372
1.25,1.0407932819833334,0.20920671801666657
2.181,2.151609329528469,0.02939067047153099
1.681,2.2886789932615628,-0.6076789932615627
2.318,1.5884466409105968,0.7295533590894032
1.49,1.9338041385147804,-0.4438041385147804
1.703,2.321327272582927,-0.618327272582927
3.913,2.8002243140333007,1.112775685966699
2.823,2.4925723799695945,0.3304276200304055
5.00001,3.7264231943981017,1.273586805601898
1.354,0.9451500633829681,0.40884993661703195
3.284,2.498888489537002,0.7851115104629978
3.5,1.7545682699017462,1.7454317300982538
1.823,2.0747511256839815,-0.2517511256839815
5.00001,5.516621073982456,-0.5166110739824568
1.92,1.6451157110910657,0.27488428890893424
2.408,2.7250617929550245,-0.31706179295502457
1.75,2.291068525288786,-0.5410685252887859
1.264,1.5723688217029732,-0.3083688217029732
1.259,1.6026203888401724,-0.34362038884017254
1.947,2.4115387517741382,-0.46453875177413817
3.418,3.3830952248884643,0.03490477511153589
2.119,1.7698698549801577,0.3491301450198425
1.375,0.12754348119820236,1.2474565188017976
2.706,2.1340245630887793,0.5719754369112207
1.723,2.006097448677856,-0.28309744867785613
2.621,1.8931827738862737,0.7278172261137263
1.491,1.7369210824586787,-0.2459210824586786
3.391,2.549662005670008,0.8413379943299919
2.486,2.4323941736832353,0.053605826316764915
1.287,2.2503357288098087,-0.9633357288098088
3.439,2.398838046409189,1.040161953590811
1.75,1.7326116790696844,0.017388320930315615
2.875,2.0696075122768463,0.8053924877231537
1.436,2.3304262773263886,-0.8944262773263887
3.462,2.7334673785245442,0.7285326214754559
2.322,2.986310062899136,-0.6643100628991361
2.0,2.3244054738809012,-0.32440547388090124
2.415,2.340212807461164,0.07478719253883614
0.675,0.8569663117491118,-0.1819663117491117
1.917,0.9477995577749283,0.9692004422250717
1.783,2.213167821201168,-0.4301678212011679
1.782,2.3932258494092835,-0.6112258494092835
1.332,1.611033473389341,-0.2790334733893409
2.738,2.7273873412210037,0.010612658778996309
1.522,1.7855331676125274,-0.26353316761252743
1.871,2.2060011867107505,-0.3350011867107505
1.375,1.1078853184386546,0.26711468156134544
1.104,1.437578911968501,-0.33357891196850087
2.406,1.6730403745531532,0.7329596254468469
1.625,1.7272340718668389,-0.10223407186683886
0.838,0.848568596880952,-0.01056859688095202
2.656,2.75851468177148,-0.10251468177147993
2.115,2.5632644419006994,-0.44826444190069914
1.734,2.370122387092536,-0.6361223870925361
3.1,1.2624205847030154,1.8375794152969847
0.995,1.7414747666295725,-0.7464747666295725
1.914,2.3116097831751077,-0.39760978317510776
2.201,1.9587387244863734,0.24226127551362664
1.673,2.3160560287179095,-0.6430560287179095
0.65,1.0730809365497151,-0.4230809365497151
1.418,2.3048572117117487,-0.8868572117117488
2.906,2.177122107867966,0.7288778921320342
3.192,2.4580155368548873,0.7339844631451129
1.188,1.4996259252567796,-0.3116259252567797
2.0,1.7003346937652353,0.29966530623476473
2.195,1.8508998147844977,0.3441001852155021
2.894,3.1505977881012868,-0.25659778810128664
1.164,1.6910037702651834,-0.5270037702651835
1.623,2.2204881896558533,-0.5974881896558533
1.141,1.250797978869393,-0.10979797886939302
0.713,1.2400703528568258,-0.5270703528568258
1.905,2.3298943780305947,-0.4248943780305947
1.973,2.359253156393379,-0.38625315639337887
0.722,0.5892401769558688,0.13275982304413114
1.033,2.059792406241236,-1.0267924062412361
1.43,1.5910956104594405,-0.16109561045944054
2.449,2.0816219304963965,0.3673780695036033
5.00001,3.5297539796107955,1.470256020389204
1.833,1.7645616407977656,0.0684383592022344
0.861,1.968249867054908,-1.107249867054908
2.184,2.5244364226126663,-0.34043642261266616
1.108,1.3580446403870923,-0.2500446403870922
2.113,1.9828827250446324,0.13011727495536762
3.388,3.15693796157737,0.23106203842263007
1.231,0.8502841446226128,0.3807158553773873
2.695,1.178785103183067,1.5162148968169329
3.214,1.9882925281003452,1.2257074718996548
0.819,1.1639355613033686,-0.34493556130336867
5.00001,4.694533491428693,0.3054765085713065
3.046,2.671330844158561,0.3746691558414388
0.729,1.0142191286696942,-0.28521912866969423
1.58,1.9678093242859092,-0.3878093242859091
0.622,1.1560443858454263,-0.5340443858454264
1.163,-0.5436108742486212,1.7066108742486212
3.141,1.5175577634297426,1.6234422365702574
3.625,2.7807562090201188,0.8442437909798812
5.00001,3.892362102341302,1.1076478976586976
0.741,1.6794842452199532,-0.9384842452199532
1.5,1.8144969229012062,-0.31449692290120623
2.7,2.9067809977292853,-0.20678099772928515
1.208,1.3412263238154623,-0.1332263238154623
2.5,2.8904271537017863,-0.39042715370178627
0.722,1.3256301721812491,-0.6036301721812491
3.75,2.37557022674158,1.37442977325842
2.396,2.783383601376059,-0.387383601376059
1.833,2.173481970757031,-0.340481970757031
1.612,2.4685972120573823,-0.8565972120573822
2.51,2.391173727541563,0.11882627245843658
0.455,1.1455951311538541,-0.6905951311538541
1.781,2.024144289577528,-0.24314428957752798
2.589,2.7576047738004092,-0.16860477380040928
1.458,2.1070297916244485,-0.6490297916244485
0.847,0.30610800916382885,0.5408919908361711
2.167,1.7694257882559725,0.3975742117440273
1.304,1.0787887734009374,0.22521122659906267
1.585,1.6277989909933908,-0.042798990993390795
1.178,0.8705968363709218,0.30740316362907816
2.15,2.3753439976480806,-0.22534399764808066
2.686,2.614977983304229,0.07102201669577113
1.0,1.1683004517974922,-0.1683004517974922
3.327,3.979291906570289,-0.652291906570289
1.867,1.736933523474896,0.13006647652510406
0.53,1.055164221471422,-0.525164221471422
1.497,2.134518654105996,-0.6375186541059958
3.458,2.605078715346778,0.8529212846532221
1.245,1.2470256883484367,-0.0020256883484366384
4.758,5.031470420898891,-0.2734704208988914
5.00001,3.2969370672894343,1.7030729327105654
5.00001,5.696450769972607,-0.6964407699726074
1.759,2.2910066076068247,-0.5320066076068248
1.833,2.4065726689332294,-0.5735726689332294
2.531,2.9378824168240243,-0.40688241682402415
1.178,1.7820304037614747,-0.6040304037614748
1.435,1.7751448511283954,-0.3401448511283953
5.00001,2.933279148132918,2.0667308518670815
1.423,0.6156660316997602,0.8073339683002398
1.21,1.8833914344883524,-0.6733914344883525
2.688,2.4045714697410574,0.28342853025894277
3.302,2.9011072827019575,0.40089271729804254
1.218,1.8086860048470896,-0.5906860048470897
4.169,2.9406295927695254,1.2283704072304742
2.667,3.097711063093193,-0.4307110630931934
1.894,1.8730051332288085,0.020994866771191445
4.436,3.0050517809920265,1.4309482190079734
1.63,1.6466809083786345,-0.016680908378634562
3.825,2.982223416349008,0.8427765836509922
1.063,1.5652634014431328,-0.5022634014431329
0.578,-0.017063731614314293,0.5950637316143143
0.575,-0.26111958530957224,0.8361195853095722
2.38,2.1895923969079405,0.1904076030920594
2.189,2.5882896165679057,-0.3992896165679056
1.186,1.5234297598003224,-0.3374297598003224
3.091,2.9056490867027165,0.1853509132972837
2.132,2.3054064863535118,-0.17340648635351164
1.802,1.8824192844820757,-0.08041928448207569
4.708,2.880871024225627,1.8271289757743734
3.372,1.2375432632966437,2.1344567367033562
0.953,1.2476833701737604,-0.29468337017376045
1.039,1.7049093698902809,-0.6659093698902809
5.00001,2.4118180035578334,2.5881919964421662
2.15,2.050137005355701,0.09986299464429882
1.894,2.1697317312416544,-0.2757317312416545
1.714,1.7960820108127749,-0.08208201081277489
3.57,2.6207872332915443,0.9492127667084556
1.962,2.3488361559534994,-0.3868361559534994
0.985,1.4024564554651278,-0.4174564554651278
1.788,1.997696575867927,-0.209696575867927
2.266,2.376941502955958,-0.11094150295595817
1.714,1.9200032211715268,-0.2060032211715268
2.714,2.021548347432642,0.6924516525673581
2.168,2.5630942884868233,-0.39509428848682315
0.679,1.6877401062214616,-1.0087401062214616
1.713,1.756934186327456,-0.043934186327455826
1.109,1.596655599450692,-0.4876555994506919
3.325,2.680839287876303,0.6441607121236972
1.5,1.559326601338455,-0.05932660133845502
1.734,2.5765096000752976,-0.8425096000752976
2.375,2.9186649713376482,-0.5436649713376482
0.658,1.505817257403713,-0.8478172574037129
1.731,2.343278141497038,-0.6122781414970377
3.212,2.4877781898839686,0.7242218101160316
2.65,2.36206882920051,0.28793117079949004
0.875,0.3957385805020408,0.4792614194979592
2.103,2.6763654363398572,-0.573365436339857
2.478,2.3787171841301173,0.09928281586988286
3.757,3.2806120922784885,0.4763879077215116
1.137,0.630632631287348,0.506367368712652
5.00001,3.8090756702204516,1.190934329779548
0.456,0.8785294486292372,-0.4225294486292372
1.306,0.9609536859014227,0.34504631409857733
1.986,2.08971294887904,-0.10371294887903981
4.367,2.6041902077447148,1.7628097922552852
0.926,1.3380124365231794,-0.4120124365231793
1.5,1.6998915890492086,-0.19989158904920856
3.599,2.8131074433662207,0.7858925566337795
5.00001,4.904656457007206,0.0953535429927932
0.938,1.4588930243935465,-0.5208930243935466
3.833,3.3528793752936252,0.48012062470637495
1.917,1.7468819429967013,0.17011805700329874
2.672,2.796224702576737,-0.12422470257673668
2.802,2.2818766484407647,0.5201233515592354
0.521,0.8521304318810508,-0.33113043188105074
1.102,0.744909150542874,0.3570908494571261
1.646,1.3867186309735686,0.2592813690264313
3.248,3.3938638112537447,-0.14586381125374448
1.227,1.615624067943834,-0.388624067943834
2.167,1.9344171002348318,0.232582899765168
0.736,1.5917780341525969,-0.8557780341525969
2.541,2.37869391263213,0.1623060873678699
1.875,1.6801644861269267,0.1948355138730733
1.66,2.67321823079547,-1.0132182307954702
1.579,2.0310311803949617,-0.4520311803949617
1.938,1.9805386438235075,-0.04253864382350758
1.408,1.4133668882346555,-0.005366888234655587
0.953,0.9286675583928812,0.024332441607118782
2.27,3.011246867818393,-0.741246867818393
2.656,2.606764823214796,0.04923517678520417
0.902,2.011687599571843,-1.109687599571843
1.832,1.831531808383879,0.00046819161612110527
1.846,1.896554003215627,-0.050554003215626864
1.625,1.733076618646109,-0.10807661864610907
1.25,1.2314599305697058,0.01854006943029418
0.972,1.5289249982624256,-0.5569249982624256
3.553,2.0192717990160247,1.5337282009839752
1.362,1.788094722794753,-0.4260947227947529
1.25,1.7299800637350558,-0.47998006373505575
3.056,3.209125623354957,-0.15312562335495716
1.766,1.686473819908585,0.0795261800914151
3.486,2.8401993786047655,0.6458006213952348
2.992,2.6521339058142885,0.33986609418571145
0.721,1.3926412401355748,-0.6716412401355748
1.095,2.0258044876121986,-0.9308044876121986
2.811,2.2387441289225833,0.5722558710774166
1.563,1.6969729954651953,-0.13397299546519537
2.342,2.349805468304531,-0.007805468304530994
0.597,1.2809950047476235,-0.6839950047476235
2.5,2.807971393707959,-0.3079713937079589
2.033,1.6765317516806917,0.35646824831930823
1.731,1.7981651767397793,-0.06716517673977918
3.003,2.76460882489701,0.2383911751029899
2.38,2.199405033981229,0.1805949660187709
1.79,2.074659668337233,-0.2846596683372331
1.66,2.466111315713249,-0.8061113157132491
1.607,2.109573553719038,-0.5025735537190379
1.475,1.5393551581461082,-0.06435515814610815
1.921,1.6927743714614678,0.22822562853853223
0.564,0.6779103716579726,-0.11391037165797269
3.048,2.270637567980934,0.777362432019066
4.398,3.266046079542953,1.1319539204570468
1.375,1.58631897612198,-0.21131897612198003
1.375,1.473389335711488,-0.098389335711488
1.346,1.604341197290978,-0.25834119729097793
2.625,2.5576059650734777,0.0673940349265223
0.834,1.1841273199874323,-0.3501273199874323
1.135,0.930004665210447,0.204995334789553
0.714,1.5500191578903326,-0.8360191578903327
2.045,2.3145498409162073,-0.2695498409162074
2.824,3.014417900155955,-0.19041790015595517
1.457,2.035039362049126,-0.578039362049126
2.647,3.141383874819695,-0.49438387481969537
2.75,1.8181188536247745,0.9318811463752255
1.716,1.709130636483124,0.006869363516875948
2.167,1.5783427207200802,0.5886572792799196
1.807,1.8904907121542536,-0.08349071215425363
2.125,0.008425388752449692,2.1165746112475503
1.677,1.9861320910321751,-0.3091320910321751
0.425,0.9699158555033591,-0.5449158555033591
2.384,2.0839813264333316,0.30001867356666834
1.44,0.5391739592884974,0.9008260407115025
0.436,0.9313226156792638,-0.4953226156792638
3.635,2.4625995123342292,1.1724004876657705
1.862,2.272094354365052,-0.4100943543650519
0.675,0.6247752447213912,0.05022475527860881
1.596,2.613143290699611,-1.017143290699611
1.956,1.6522317448767154,0.30376825512328454
1.548,2.104106086102078,-0.5561060861020781
4.507,3.951385682219467,0.5556143177805328
0.699,0.9062366252231584,-0.20723662522315844
1.322,1.7756727123760996,-0.4536727123760995
3.28,3.6213482702441695,-0.3413482702441697
2.728,2.7374436808403004,-0.009443680840300228
0.663,1.0066718395287282,-0.34367183952872815
1.293,1.4040957292350669,-0.11109572923506694
0.771,0.6460963296953395,0.12490367030466054
1.555,1.822640131591939,-0.267640131591939
1.26,1.5794506370038732,-0.3194506370038732
2.403,1.9821287867225124,0.42087121327748767
1.33,1.4686986361836318,-0.13869863618363176
0.949,1.1487123437154025,-0.19971234371540258
2.039,2.165315740814286,-0.12631574081428587
0.61,0.6622204582127225,-0.052220458212722476
1.392,1.625788906283546,-0.2337889062835461
2.292,1.632330359323845,0.6596696406761549
2.606,2.9925514333750343,-0.3865514333750344
2.511,1.9410435570807678,0.5699564429192323
3.276,2.7005311389027113,0.5754688610972885
1.679,2.398410349742427,-0.7194103497424271
2.12,2.1900260274989876,-0.07002602749898745
2.333,2.3477312514498223,-0.014731251449822125
2.554,2.7104374381578467,-0.15643743815784683
0.675,1.2817313962595023,-0.6067313962595022
1.62,2.124284526674572,-0.5042845266745717
1.172,1.8482386921363059,-0.6762386921363059
1.097,0.6814243042852013,0.4155756957147987
2.75,1.2412173236822923,1.5087826763177077
1.118,0.448866449448424,0.6691335505515761
1.66,2.1727295442948744,-0.5127295442948745
0.927,0.9596133334679209,-0.032613333467920835
1.86,2.590880905710506,-0.7308809057105059
0.973,1.4824252533782243,-0.5094252533782243
2.413,2.9157653407623343,-0.5027653407623345
2.585,2.8379591161674824,-0.25295911616748246
1.382,2.1771087824054547,-0.7951087824054548
1.961,2.6190762883011516,-0.6580762883011515
4.192,4.255322489081934,-0.0633224890819335
1.388,2.060168834816885,-0.672168834816885
3.766,3.2953540920948186,0.47064590790518146
1.651,2.3954259881756172,-0.7444259881756172
1.818,1.5391635535304644,0.27883644646953565
2.118,2.029780865976953,0.08821913402304693
1.125,2.1075180760231333,-0.9825180760231333
1.443,2.0445207058059722,-0.6015207058059722
2.22,2.5635720801954847,-0.34357208019548446
0.536,0.4696656607042442,0.06633433929575583
1.308,2.2343152458559743,-0.9263152458559742
2.276,2.5928591635205294,-0.31685916352052956
2.75,2.4636448260223034,0.2863551739776966
1.919,2.008524193810075,-0.08952419381007504
0.641,1.1175618921701016,-0.4765618921701016
0.681,1.160182931517518,-0.479182931517518
2.552,2.350702563046795,0.201297436953205
2.441,2.943302376994943,-0.5023023769949431
3.37,2.3353635157185835,1.0346364842814166
2.083,1.253828466956783,0.8291715330432172
5.00001,4.2044845557578014,0.7955254442421982
1.721,1.7956688282225812,-0.07466882822258114
1.289,0.9392696938772573,0.3497303061227426
1.449,1.542173864780601,-0.09317386478060086
0.72,0.6015753467015301,0.11842465329846985
1.429,1.9255694328779498,-0.49656943287794975
4.361,2.756158876776439,1.6048411232235607
2.042,1.9678656044282405,0.07413439557175927
1.957,2.6371825971470244,-0.6801825971470243
0.905,1.1519088668536739,-0.24690886685367386
2.361,1.636397145814449,0.7246028541855511
1.869,1.8576387745538696,0.011361225446130385
1.625,1.7531695701677776,-0.12816957016777764
1.125,1.4062995022826286,-0.28129950228262857
0.58,1.2788564943125706,-0.6988564943125707
3.074,3.2904497651628404,-0.21644976516284054
3.538,2.6926026051988075,0.8453973948011924
2.909,2.6667557730579077,0.24224422694209213
3.586,2.7547450409876433,0.8312549590123566
2.462,2.3043032323158386,0.15769676768416163
0.721,1.5933260703130045,-0.8723260703130046
1.075,1.6357801367798999,-0.5607801367798999
0.786,1.1378962306327054,-0.35189623063270536
1.876,2.528788062765763,-0.652788062765763
0.979,0.8583679108908342,0.12063208910916579
1.866,2.211977526621304,-0.3459775266213039
1.969,1.842381586156975,0.12661841384302508
1.115,1.3127067875486347,-0.1977067875486347
1.563,2.3575219907128826,-0.7945219907128827
2.182,2.760437698252268,-0.5784376982522681
2.935,4.216765373805181,-1.281765373805181
0.59,1.4503296881995453,-0.8603296881995454
1.628,1.6904148125565257,-0.06241481255652581
1.029,1.378310735128231,-0.3493107351282312
0.543,0.9608393045898111,-0.4178393045898111
1.663,1.6598532550488159,0.003146744951184166
1.525,1.62862540762697,-0.10362540762697003
1.426,1.8000408231511216,-0.37404082315112164
1.5,1.7424655578586794,-0.2424655578586794
0.844,0.9808767378675256,-0.13687673786752563
2.1,1.466635040512216,0.6333649594877842
1.375,1.702090375739786,-0.32709037573978605
3.5,2.4509823827459343,1.0490176172540657
1.719,0.5649157615460823,1.1540842384539178
1.431,1.8656858403325103,-0.43468584033251023
4.523,3.0866675038479983,1.4363324961520014
1.76,2.0508716038508723,-0.2908716038508723
1.127,1.3394445281969567,-0.2124445281969567
0.684,1.2072519735356906,-0.5232519735356905
1.907,2.1934231850198955,-0.2864231850198955
3.318,3.9056192185243432,-0.5876192185243432
1.84,2.2503716473341413,-0.4103716473341412
1.625,1.0829357927511865,0.5420642072488135
1.294,2.053296375974732,-0.7592963759747318
1.728,2.0397188968442066,-0.3117188968442066
1.911,2.1960023690658588,-0.28500236906585874
2.949,3.100505330188348,-0.151505330188348
1.886,2.1173500883047964,-0.23135008830479653
0.638,0.8128447779304793,-0.17484477793047926
4.661,4.068655414322485,0.5923445856775142
1.868,2.0668128899114464,-0.1988128899114463
1.393,2.122744032924942,-0.7297440329249418
3.303,2.3232319948457203,0.9797680051542796
2.848,2.6593292559054262,0.18867074409457363
1.988,2.142152991188638,-0.15415299118863812
0.693,0.8346553025585095,-0.14165530255850955
1.455,1.6352747816590778,-0.18027478165907773
1.662,2.148394798220167,-0.48639479822016707
2.738,2.412495164508236,0.3255048354917638
1.49,1.5559446774317465,-0.06594467743174648
2.154,2.780854772719472,-0.6268547727194722
2.878,3.161224448933069,-0.2832244489330691
4.063,2.8423969249744516,1.220603075025548
1.603,1.8653051568780796,-0.26230515687807965
2.4,2.7344615750994734,-0.3344615750994735
0.609,1.2695614773851744,-0.6605614773851745
1.423,1.7584006725686905,-0.33540067256869044
0.848,0.8969650722151528,-0.04896507221515278
2.054,2.670840074848961,-0.6168400748489611
3.968,2.559769985104559,1.408230014895441
1.354,1.5587688756832563,-0.2047688756832562
1.154,1.7980415565829233,-0.6440415565829234
1.625,2.120432067850899,-0.4954320678508992
4.25,1.8868276450004373,2.3631723549995627
1.143,1.4532366449254468,-0.3102366449254468
5.00001,5.395265770842208,-0.3952557708422084
5.00001,3.894590230683818,1.1054197693161818
0.487,0.7647076071729728,-0.2777076071729728
2.947,2.7236550712486647,0.22334492875133538
3.005,1.990219776891692,1.0147802231083078
3.432,2.1502162350319693,1.2817837649680306
0.92,1.414409971309091,-0.4944099713090909
2.781,2.920710469995079,-0.13971046999507886
3.809,3.3393443698101564,0.4696556301898438
3.398,2.21749785084355,1.18050214915645
0.968,1.4695709780902462,-0.5015709780902462
2.7,1.848430595930779,0.8515694040692212
1.9,2.3909636973860913,-0.49096369738609136
1.813,1.6625346059433141,0.1504653940566858
1.006,1.5393406374127139,-0.5333406374127139
1.708,1.4422319867216515,0.2657680132783484
1.527,1.9078102368782055,-0.3808102368782056
3.536,2.302714534023089,1.2332854659769112
2.0,1.489305633840189,0.5106943661598109
2.134,2.347562958750146,-0.21356295875014597
1.531,2.027984901425178,-0.49698490142517815
3.797,2.2246346273223523,1.5723653726776479
2.75,2.138464147913318,0.611535852086682
0.786,2.0748809346018575,-1.2888809346018575
1.883,2.7112647298550456,-0.8282647298550456
1.38,1.8213229265831572,-0.4413229265831573
5.00001,4.353204717331181,0.6468052826688186
1.974,1.8817888312009288,0.09221116879907121
2.446,2.4876614974431632,-0.041661497443163054
1.653,2.4625601569927937,-0.8095601569927937
3.004,3.044094490177322,-0.04009449017732214
0.882,1.2981766852551502,-0.41617668525515017
5.00001,4.918301284444105,0.08170871555589443
1.631,1.8039574010102015,-0.17295740101020152
1.919,2.673128835672607,-0.7541288356726068
3.553,3.2087617148836998,0.34423828511630017
4.303,3.017000055139249,1.2859999448607509
0.427,0.7255521375396015,-0.29855213753960147
3.781,3.3508580379171065,0.4301419620828937
2.64,2.186111454725051,0.45388854527494926
1.119,2.3737593755640987,-1.2547593755640987
2.245,2.214932664658015,0.030067335341985135
1.25,2.0223394658674394,-0.7723394658674394
0.641,0.04691712360624223,0.5940828763937578
0.884,0.7113679344758594,0.17263206552414057
3.892,2.481102862901352,1.4108971370986478
1.938,0.7426934831460983,1.1953065168539017
5.00001,2.38356083084755,2.6164491691524496
1.875,4.272431827064629,-2.3974318270646293
2.103,2.4465220190284356,-0.3435220190284354
2.128,2.3108338501881107,-0.1828338501881106
1.775,1.6364125711942847,0.13858742880571517
1.813,1.0589599692907399,0.7540400307092601
1.595,2.158171740795865,-0.563171740795865
1.775,2.043016039325053,-0.26801603932505325
1.161,1.3034971345681612,-0.14249713456816115
5.00001,2.677067672241236,2.3229423277587635
1.625,1.6052052123680838,0.019794787631916222
1.355,1.8343266517929138,-0.4793266517929138
0.996,1.8904779470727604,-0.8944779470727604
1.185,1.575143967895798,-0.39014396789579786
1.569,1.3250372050923858,0.2439627949076142
1.472,1.767856309139681,-0.2958563091396811
0.858,0.7896619081444456,0.0683380918555544
5.00001,2.128359595952894,2.871650404047106
1.709,1.6388541163053745,0.0701458836946256
2.579,3.1853663258630576,-0.6063663258630574
1.643,2.1230869855542593,-0.4800869855542593
4.389,2.396287555465875,1.992712444534125
0.98,1.5669161378192626,-0.5869161378192627
2.887,2.9537043179082474,-0.06670431790824738
2.032,2.200955877614632,-0.16895587761463204
2.836,2.396452869983932,0.4395471300160678
1.625,2.2436269959266326,-0.6186269959266326
0.953,1.6711629223743785,-0.7181629223743785
1.617,2.1001827427606443,-0.4831827427606443
1.875,1.7531363033460394,0.12186369665396057
1.58,1.6558036705919648,-0.07580367059196469
4.561,2.783447260238063,1.777552739761937
1.029,1.800791391302127,-0.771791391302127
1.654,2.2044589395525236,-0.5504589395525237
0.544,0.7000048045247382,-0.1560048045247382
1.472,1.6700619157886578,-0.19806191578865784
0.95,1.4603543916922561,-0.5103543916922562
1.43,2.012849394602206,-0.5828493946022062
0.972,1.01882482623612,-0.04682482623611994
1.129,1.417930081730205,-0.28893008173020496
1.733,2.148406202899359,-0.41540620289935903
3.931,3.1583570421703016,0.7726429578296985
0.63,0.6003698523151471,0.029630147684852948
2.973,2.7551269946344306,0.2178730053655693
2.421,1.9360668023120837,0.4849331976879161
2.939,3.1036603202110413,-0.16466032021104127
1.131,1.6964159562510588,-0.5654159562510588
1.372,1.5631822147759422,-0.1911822147759421
2.971,1.789971706980893,1.1810282930191072
2.435,2.5635258624473636,-0.12852586244736353
0.988,0.2745445241695421,0.7134554758304579
2.448,2.5169854370187537,-0.0689854370187537
3.278,2.731492528945722,0.5465074710542779
4.375,2.837914578325929,1.537085421674071
1.635,1.8287128514025923,-0.1937128514025923
1.024,2.03532067624252,-1.0113206762425202
1.122,1.3963593870881823,-0.2743593870881822
1.659,2.7332727518370916,-1.0742727518370916
2.5,2.2870631861210313,0.21293681387896868
1.581,1.978664915976637,-0.397664915976637
0.875,0.5166574432609465,0.35834255673905346
1.35,1.579907134783447,-0.22990713478344693
0.795,1.0399781592692037,-0.24497815926920363
1.621,1.2192913171882935,0.40170868281170646
2.284,1.6893259166977685,0.5946740833022313
1.406,1.6026045710803558,-0.1966045710803559
0.713,1.3759974472728658,-0.6629974472728658
2.663,2.8137906317649026,-0.15079063176490282
0.813,0.5208580240836795,0.2921419759163204
1.85,2.554436643041285,-0.704436643041285
3.293,3.7559624564206473,-0.46296245642064715
1.688,1.6303954995864274,0.05760450041357257
1.104,2.1728071384011045,-1.0688071384011044
5.00001,2.5413688103174863,2.4586411896825133
0.857,1.2996732225978889,-0.4426732225978889
0.633,0.5642937583533154,0.0687062416466846
5.00001,4.95451775520678,0.04549224479321978
1.838,1.6427555192238543,0.19524448077614576
1.507,1.591111501635467,-0.08411150163546721
2.429,2.798627159361132,-0.3696271593611322
3.267,2.9519376856658894,0.31506231433411047
2.204,2.214609594307099,-0.010609594307098735
2.407,2.604622104156192,-0.19762210415619208
5.00001,5.63831781129398,-0.6383078112939806
0.984,1.5737478874412716,-0.5897478874412716
1.669,1.922348310906358,-0.2533483109063579
2.054,2.628891292958855,-0.574891292958855
0.901,1.209777158138806,-0.3087771581388059
1.898,1.8285899853185654,0.06941001468143448
1.625,-0.010430738729667155,1.6354307387296672
3.337,2.104902739700499,1.232097260299501
0.851,1.4533097664706673,-0.6023097664706674
1.344,1.462604384909767,-0.11860438490976688
1.446,1.7704777763359516,-0.32447777633595165
2.15,1.7940249627096918,0.3559750372903081
0.975,1.7709437909168315,-0.7959437909168315
2.1,2.243976565643848,-0.1439765656438481
3.12,3.211548280091918,-0.09154828009191807
3.0,2.2801652893250193,0.7198347106749807
2.024,2.39728909291955,-0.37328909291955004
2.541,3.234430025506917,-0.6934300255069172
1.16,1.543928848399581,-0.3839288483995811
1.67,1.6928149130677497,-0.022814913067749742
3.969,3.2832067023485294,0.6857932976514705
2.27,1.7127478451880123,0.5572521548119878
5.00001,2.8117851012196695,2.18822489878033
5.00001,4.712246778234295,0.28776322176570446
1.99,1.7839805168458795,0.20601948315412044
3.691,3.6259126127277383,0.06508738727226149
0.225,1.4178314272265595,-1.1928314272265594
0.957,1.2451833032849038,-0.2881833032849038
3.659,4.053634153907716,-0.39463415390771583
2.158,2.2870849230633468,-0.12908492306334685
2.055,1.9238716750779759,0.1311283249220243
5.00001,3.3477503168259233,1.6522596831740763
2.508,2.1364386677555274,0.37156133224447263
3.636,3.592948116529172,0.04305188347082822
2.942,2.7634666768044767,0.1785333231955235
1.714,1.579095969191222,0.13490403080877789
2.613,2.659821529639146,-0.046821529639145876
1.149,1.2142531806368169,-0.06525318063681684
2.584,2.2026160140602613,0.38138398593973877
1.063,1.2348068607541833,-0.1718068607541834
0.989,1.4414398294520936,-0.4524398294520936
2.42,2.3351032035354393,0.08489679646456061
1.461,1.6576639531803323,-0.19666395318033225
1.546,2.0595675706167924,-0.5135675706167924
1.975,1.7027034291303451,0.272296570869655
2.896,2.727820230084383,0.1681797699156169
3.257,2.3302486598323213,0.9267513401676788
0.533,1.0396576083530533,-0.5066576083530533
0.878,1.2387340971819896,-0.36073409718198957
1.783,1.6521168117295346,0.1308831882704653
1.971,2.617799160247678,-0.6467991602476779
1.234,1.8992516600634417,-0.6652516600634417
2.929,2.763203813881823,0.1657961861181767
1.098,1.8382960325550854,-0.7402960325550854
1.242,2.1584101676860072,-0.9164101676860072
0.573,1.1083567715099392,-0.5353567715099392
4.047,3.2695995450952537,0.777400454904746
1.875,1.819635391168454,0.055364608831546036
0.637,0.5783521167374985,0.05864788326250148
1.012,1.6356807783859892,-0.6236807783859892
5.0,3.1742720967989086,1.8257279032010914
0.455,0.42129677822153866,0.033703221778461356
4.635,3.1318216724619603,1.5031783275380395
1.813,2.701058752318481,-0.8880587523184811
3.074,2.0041370899720334,1.0698629100279664
3.718,4.2714969507918426,-0.5534969507918426
0.56,1.275170873525198,-0.715170873525198
2.893,2.269718042342504,0.6232819576574959
1.282,1.5207018935050556,-0.23870189350505555
2.714,2.6073969295477113,0.10660307045228867
1.821,2.5425234365601597,-0.7215234365601597
2.194,2.904573860277054,-0.7105738602770542
0.784,1.2055366426534206,-0.4215366426534206
0.961,0.9628100814992777,-0.0018100814992777492
3.947,3.4809716212266224,0.46602837877337766
2.225,2.610376054398756,-0.3853760543987561
0.875,1.2265479827453802,-0.35154798274538024
1.375,2.1162114375936767,-0.7412114375936767
2.461,2.0130329913751694,0.4479670086248304
1.757,2.25460008646764,-0.4976000864676402
1.641,1.8012119041664931,-0.1602119041664931
1.328,1.6312315616886295,-0.3032315616886294
1.292,0.9962622879101346,0.29573771208986543
2.241,2.125398060643228,0.11560193935677221
1.039,1.129251427446519,-0.09025142744651915
1.128,0.9875878414139834,0.14041215858601652
2.438,1.6490520602156877,0.7889479397843124
0.886,1.1077565849703106,-0.2217565849703106
1.861,2.8629131138034722,-1.0019131138034723
1.861,0.9287916424617393,0.9322083575382607
1.609,1.5011198316756946,0.10788016832430536
1.492,1.5071357953016502,-0.015135795301650212
0.764,0.2067178833142762,0.5572821166857238
5.00001,3.166602804458414,1.8334071955415858
0.956,0.9908813146721798,-0.03488131467217981
2.375,2.40227686757175,-0.027276867571750074
4.183,3.3048531304925604,0.8781468695074395
1.975,2.4128303819579884,-0.4378303819579883
0.664,0.7135147538885818,-0.04951475388858173
2.69,3.4289040008755336,-0.7389040008755337
2.19,2.085501451878706,0.10449854812129411
1.569,2.0111852957131475,-0.4421852957131476
1.342,2.162384198570912,-0.8203841985709119
2.042,1.9074168749225535,0.1345831250774463
2.188,2.289840236723137,-0.1018402367231368
1.818,2.4940136122900967,-0.6760136122900966
1.685,1.999320105911039,-0.314320105911039
2.992,2.3871024494796202,0.6048975505203797
1.66,1.527885707781678,0.13211429221832183
1.935,1.9387446759289517,-0.0037446759289516685
2.125,1.7384775307848912,0.3865224692151088
3.862,2.5667506365139374,1.2952493634860627
2.684,2.1573009327763586,0.5266990672236416
1.281,2.0628384598783356,-0.7818384598783357
2.712,3.0380010599817524,-0.3260010599817522
0.884,1.4760411932413717,-0.5920411932413717
1.015,1.0678711748381104,-0.052871174838110546
4.955,2.821877555640384,2.133122444359616
1.673,1.3008255549586778,0.37217444504132224
1.413,0.4275260162509653,0.9854739837490347
5.00001,4.950590595114917,0.04941940488508223
3.213,3.2022997846321246,0.010700215367875465
0.821,0.9308219394684798,-0.10982193946847985
0.929,1.397453078798577,-0.468453078798577
1.68,2.060563457346916,-0.3805634573469161
1.35,1.7708808266339133,-0.42088082663391324
2.431,2.2074212933191433,0.22357870668085678
1.571,2.1499485273307215,-0.5789485273307216
0.979,0.4383404285045742,0.5406595714954258
1.777,2.185920220744592,-0.4089202207445919
1.318,1.3232087473831982,-0.005208747383198098
2.688,2.230216299761544,0.45778370023845616
3.143,1.6913872564507386,1.4516127435492612
1.836,2.451235731387591,-0.6152357313875909
1.0,0.6611770568161504,0.33882294318384965
2.322,2.618246748611334,-0.2962467486113338
1.381,1.6983622731819494,-0.31736227318194943
1.625,1.6382729337610797,-0.013272933761079742
4.573,2.8561939828736485,1.716806017126352
1.392,1.8300719966127517,-0.43807199661275176
2.445,2.291616273356091,0.15338372664390887
0.616,1.0010999672936904,-0.38509996729369045
2.37,2.0250109993347962,0.3449890006652039
1.125,0.8948644177461276,0.23013558225387243
1.223,1.1162753940554495,0.10672460594455058
5.00001,2.620379713374639,2.3796302866253605
1.101,1.0293372893526183,0.07166271064738172
3.009,2.980087196202369,0.028912803797630726
1.675,1.4421722717746661,0.23282772822533393
2.464,2.262068687772178,0.2019313122278219
2.793,3.6715892582689236,-0.8785892582689234
4.14,2.360628252512619,1.7793717474873807
0.587,0.9278336130120053,-0.3408336130120053
2.949,3.299214889920627,-0.3502148899206272
3.652,2.7420816509557326,0.9099183490442675
3.683,3.5652418292931074,0.11775817070689243
2.392,1.6634472764837938,0.7285527235162061
1.214,1.9198003855741987,-0.7058003855741988
2.15,2.3848507862048294,-0.23485078620482946
1.139,1.9501818776476867,-0.8111818776476867
2.364,2.186560451741208,0.17743954825879182
1.717,1.8884487201493059,-0.1714487201493058
2.485,2.583177045688238,-0.09817704568823826
0.582,0.4180749329861939,0.16392506701380605
0.678,0.31328213291954654,0.3647178670804535
0.757,1.1519659997824405,-0.3949659997824405
1.78,2.0212659103007695,-0.2412659103007695
0.604,0.3796093986920539,0.22439060130794608
2.261,2.8766809897196666,-0.6156809897196664
1.795,2.336102973681257,-0.5411029736812569
1.582,2.9617993826774907,-1.3797993826774906
2.786,2.475220687927333,0.31077931207266696
4.808,3.285927229547106,1.522072770452894
1.923,1.450755213276402,0.47224478672359815
1.417,1.4279245232728215,-0.010924523272821451
3.308,2.9736503846244275,0.3343496153755723
1.0,1.5186753057537317,-0.5186753057537317
1.032,1.6897447927510214,-0.6577447927510214
0.535,0.7944712545338746,-0.25947125453387454
1.857,1.7143154389381365,0.14268456106186345
1.929,1.6965744441893378,0.23242555581066227
2.56,2.8724619940076295,-0.3124619940076294
1.385,1.5228212126697613,-0.13782121266976133
0.696,0.8227999673650714,-0.1267999673650715
2.468,2.4705699374940266,-0.002569937494026675
2.659,3.0074368697911424,-0.34843686979114263
1.625,1.173814034845904,0.4511859651540959
3.227,2.822146906817963,0.4048530931820369
1.489,2.4950184623583525,-1.0060184623583523
4.29,3.6458149849468953,0.6441850150531048
5.00001,4.098583078430941,0.9014269215690582
2.541,2.4605651943062696,0.0804348056937303
3.281,2.3976714824024654,0.8833285175975347
1.691,2.0116421005223515,-0.3206421005223514
2.554,2.6056335343669375,-0.05163353436693763
0.764,0.9623017607755457,-0.19830176077554573
1.514,2.6180298366983976,-1.1040298366983976
3.111,2.7950849843784766,0.3159150156215236
1.875,1.987580997289399,-0.11258099728939897
2.132,1.9799782546790468,0.15202174532095336
2.083,1.7292117913055591,0.35378820869444105
2.028,2.846261968862251,-0.818261968862251
0.901,1.5476593281955573,-0.6466593281955573
0.924,1.0532173356993226,-0.1292173356993226
1.365,0.16358032785219478,1.2014196721478052
0.922,0.18756173705651946,0.7344382629434806
0.794,0.4985551954739549,0.29544480452604516
0.955,1.340933626024622,-0.3859336260246221
2.492,2.3976269490822872,0.09437305091771275
1.117,1.9528177876893196,-0.8358177876893196
1.906,1.6091697727278103,0.29683022727218966
1.918,2.554352748479424,-0.636352748479424
5.00001,3.0150879260070624,1.9849220739929372
0.508,1.8283064366295676,-1.3203064366295676
1.635,1.3979331114151137,0.23706688858488634
3.689,2.8312385363726165,0.8577614636273836
0.57,0.5093150946135196,0.0606849053864803
0.75,1.221965653222746,-0.4719656532227461
2.29,2.4857344609487555,-0.19573446094875546
3.409,2.9073872463177395,0.5016127536822603
2.766,2.5155528860163017,0.25044711398369834
1.884,2.0071201902818743,-0.12312019028187438
0.739,0.9775467559505344,-0.23854675595053443
1.5,2.2059989458785125,-0.7059989458785125
1.471,1.8805835439930902,-0.40958354399309016
1.863,1.6046017434110453,0.25839825658895466
2.349,2.748549428477766,-0.39954942847776564
1.225,1.3757346078862795,-0.15073460788627946
3.989,2.884902306846733,1.1040976931532667
2.5,3.3927974013113555,-0.8927974013113555
1.136,1.6400343918103104,-0.5040343918103105
2.448,2.6349629456764703,-0.18696294567647032
2.25,1.484943504219764,0.7650564957802359
1.869,2.8716823766119575,-1.0026823766119575
3.097,3.270054843385026,-0.17305484338502586
1.306,1.466732402100348,-0.160732402100348
3.423,2.8640173342247977,0.5589826657752024
0.65,1.071315218222061,-0.4213152182220611
2.789,1.9063584006256278,0.8826415993743724
1.688,1.056515120273808,0.631484879726192
4.184,3.2861105817152847,0.8978894182847155
1.09,1.7205290925166778,-0.6305290925166778
1.601,1.7074831894446234,-0.10648318944462343
3.45,3.0248530200148096,0.4251469799851906
4.188,2.8283965407201705,1.3596034592798292
2.091,2.0297519400237363,0.061248059976263924
0.975,0.5204294955331221,0.45457050446687786
5.00001,4.413486261655656,0.5865237383443436
1.086,0.7537723960191869,0.3322276039808132
1.333,1.873058825122115,-0.540058825122115
0.509,0.8805065791260915,-0.37150657912609153
3.116,2.881471337112721,0.23452866288727892
3.655,3.169138028427163,0.4858619715728367
1.75,1.645406285452431,0.10459371454756905
1.703,1.4938504995004394,0.20914950049956071
2.795,2.716148744518158,0.07885125548184213
1.259,1.6220435938650297,-0.3630435938650298
1.557,2.0981486124031647,-0.5411486124031648
0.833,1.4944460610832735,-0.6614460610832735
1.563,2.8752817446617627,-1.3122817446617627
2.148,2.7027938235730176,-0.5547938235730174
1.103,1.2061251438672258,-0.10312514386722582
1.65,1.7418823126261742,-0.0918823126261743
3.495,2.771108507965373,0.7238914920346273
5.00001,7.260292632322425,-2.2602826323224257
1.257,0.6386404806815094,0.6183595193184905
1.931,2.374318393490846,-0.4433183934908458
5.00001,5.359252307153518,-0.3592423071535187
1.996,2.26684394246238,-0.27084394246237986
5.00001,2.444723469681371,2.5552865303186287
1.634,2.155249155718373,-0.5212491557183729
1.375,1.170585569316117,0.2044144306838831
1.215,1.8180181845803105,-0.6030181845803104
3.812,2.678469843782551,1.1335301562174487
1.119,2.09223107003767,-0.9732310700376698
0.58,0.49655712121771245,0.08344287878228751
0.638,1.305270140375029,-0.6672701403750291
3.632,2.729963503951943,0.9020364960480571
2.064,2.2281239384263998,-0.16412393842639972
3.708,2.0963817713757606,1.6116182286242395
0.818,0.8211114861967204,-0.0031114861967204144
2.715,2.422698109005374,0.2923018909946258
1.97,2.6950372346838023,-0.7250372346838023
0.734,1.0185146425379372,-0.28451464253793723
3.017,2.0460182802056295,0.9709817197943704
1.196,1.9458281667703616,-0.7498281667703617
2.581,2.8295229574367013,-0.24852295743670139
0.175,1.9082908744425993,-1.7332908744425992
1.457,2.041198340895562,-0.584198340895562
1.02,1.8224964418183447,-0.8024964418183447
4.0,2.820978578327342,1.1790214216726582
0.992,1.4042076632399798,-0.4122076632399798
4.854,3.66817010442373,1.18582989557627
4.771,4.224088417697253,0.5469115823027471
0.669,1.1303986040188647,-0.4613986040188647
3.754,4.017066985143806,-0.26306698514380633
1.696,2.6590828468399366,-0.9630828468399366
2.476,2.7877066574980844,-0.31170665749808446
1.647,1.7661500479044605,-0.11915004790446049
3.094,2.150209149989948,0.943790850010052
1.853,2.4277977118435388,-0.5747977118435388
2.302,2.8197637963179716,-0.5177637963179715
1.561,1.7231612677558843,-0.16216126775588435
3.025,3.1445058987125094,-0.1195058987125095
0.978,0.8014263118080791,0.17657368819192087
2.513,2.422916838403495,0.09008316159650498
2.813,2.464472551875865,0.3485274481241354
1.531,1.494374745504686,0.03662525449531384
3.556,2.853884751974128,0.7021152480258719
1.013,1.430358147170999,-0.41735814717099906
2.66,2.385137733544809,0.27486226645519096
1.607,1.7033816440159129,-0.09638164401591287
3.058,1.9813150386830856,1.0766849613169143
1.475,1.2399103753397682,0.23508962466023187
1.863,2.048267037826278,-0.18526703782627818
1.626,1.9694339252901045,-0.34343392529010464
4.847,3.3695122143899354,1.477487785610065
1.75,2.077911046602523,-0.327911046602523
1.272,1.5580909651536885,-0.2860909651536885
3.651,2.653716711053221,0.9972832889467789
2.365,1.3041520057928153,1.060847994207185
2.14,2.4941246351340993,-0.3541246351340992
2.258,2.9595543594594034,-0.7015543594594034
1.289,1.7397730071783855,-0.45077300717838553
0.735,2.227642695903789,-1.4926426959037893
1.147,2.3311020859413034,-1.1841020859413034
1.75,2.0521468879142404,-0.3021468879142404
3.181,1.935736420806954,1.245263579193046
3.312,2.4923061509998234,0.8196938490001764
1.925,2.1141853941920985,-0.18918539419209845
1.595,1.2322362926433499,0.3627637073566501
1.627,2.3083532387990857,-0.6813532387990857
0.673,1.3358714635255637,-0.6628714635255637
2.129,1.6106557465716378,0.5183442534283622
1.406,1.7498258391840906,-0.3438258391840907
1.865,1.827184426932753,0.03781557306724692
3.932,3.6061377923619915,0.32586220763800844
0.553,1.1387991385002465,-0.5857991385002465
4.098,2.804720280733612,1.2932797192663879
1.918,1.9301397391992694,-0.012139739199269473
0.995,1.584449787206431,-0.5894497872064309
1.75,1.3671759936215153,0.3828240063784847
1.58,1.7853237507226325,-0.20532375072263243
1.069,1.6502781241209448,-0.5812781241209448
2.772,2.2657100366174348,0.506289963382565
3.267,2.3709904154097075,0.8960095845902925
0.96,0.959405955706572,0.0005940442934280199
4.318,4.243048341030395,0.07495165896960465
1.722,1.9559219990222019,-0.2339219990222019
1.125,1.1837981656860066,-0.0587981656860066
2.25,2.2060378902811593,0.043962109718840736
2.595,2.7521239163247984,-0.15712391632479816
2.915,2.744930760580857,0.17006923941914298
0.504,0.7099986140301766,-0.2059986140301766
1.5,2.6790733930160044,-1.1790733930160044
2.246,2.5150898928875947,-0.26908989288759466
1.306,1.8547093465731237,-0.5487093465731236
0.697,1.2909964808107333,-0.5939964808107333
3.53,3.0342624626036567,0.4957375373963431
2.312,2.9460023553537127,-0.6340023553537129
2.051,2.0704985747840965,-0.019498574784096334
3.981,3.1166298162411863,0.8643701837588136
1.413,2.1061680941355547,-0.6931680941355547
1.733,1.9394357455151265,-0.20643574551512645
1.279,0.8957037445005867,0.38329625549941326
2.895,2.09562592894963,0.7993740710503698
0.959,1.301684747918351,-0.34268474791835113
1.334,1.7121644019702913,-0.3781644019702912
1.468,2.1951545229225644,-0.7271545229225644
1.813,1.8219750887908432,-0.0089750887908433
0.546,0.7117115997595818,-0.16571159975958172
0.555,0.8292496493541748,-0.27424964935417473
1.5,2.078352906854178,-0.5783529068541782
1.028,0.8081557537636073,0.21984424623639276
0.933,1.1589999520587853,-0.2259999520587852
1.231,1.8565391272759015,-0.6255391272759014
2.318,1.3249582893994472,0.9930417106005529
1.595,1.9513914905438625,-0.35639149054386254
1.083,-0.13653707171386742,1.2195370717138674
0.431,0.7411023876362748,-0.3101023876362748
1.056,1.1364799870124713,-0.08047998701247128
1.683,1.770894245538635,-0.0878942455386349
0.283,2.269280897180572,-1.9862808971805719
2.829,2.8096146297819686,0.01938537021803155
2.343,2.612505271199204,-0.2695052711992041
2.125,1.475660965131091,0.649339034868909
2.056,1.8153907413797228,0.24060925862027727
1.5,2.0064838268481537,-0.5064838268481537
1.93,2.1915023588820333,-0.2615023588820333
0.14999,2.584992811613894,-2.435002811613894
1.7,1.5802041319226419,0.11979586807735809
1.683,2.282292406158895,-0.5992924061588949
0.935,1.710710322175025,-0.775710322175025
1.918,1.9737718274339429,-0.05577182743394293
1.815,2.3883780419659004,-0.5733780419659005
1.954,2.667513438562594,-0.7135134385625939
1.219,1.7799058241421406,-0.5609058241421405
1.426,1.9801228231056456,-0.5541228231056456
1.583,2.0599274193268755,-0.47692741932687555
1.653,1.657850863483425,-0.004850863483425005
1.55,1.8120867861496208,-0.2620867861496208
0.921,1.3657075672072452,-0.44470756720724514
0.681,0.7671734983690612,-0.08617349836906119
2.763,2.578077897512948,0.184922102487052
3.352,3.9325870614762266,-0.5805870614762267
1.211,1.2101502664004613,0.0008497335995387711
1.771,1.3921663237946973,0.3788336762053026
1.875,1.591365912807845,0.283634087192155
1.92,2.097901454393643,-0.17790145439364302
3.012,2.809520226747175,0.20247977325282518
1.591,1.7751757199963478,-0.18417571999634785
5.00001,5.967509164858662,-0.9674991648586619
2.737,2.580266659671281,0.156733340328719
2.339,2.7752720282515355,-0.43627202825153555
5.00001,2.2487004385166216,2.751309561483378
2.228,2.780778776815197,-0.5527787768151966
1.402,1.3564209857350917,0.04557901426490818
1.598,1.6918900423624237,-0.0938900423624236
1.188,1.6535178486030375,-0.4655178486030376
5.00001,2.494829619445909,2.5051803805540906
1.055,1.4726770838470813,-0.41767708384708135
2.178,1.9680986938250413,0.2099013061749586
1.875,1.6486836898732449,0.22631631012675513
2.873,3.375386838360164,-0.502386838360164
1.31,1.950475447697734,-0.6404754476977339
0.558,0.5091128553960615,0.048887144603938504
1.619,2.3642592762747157,-0.7452592762747157
2.536,1.5859249701272375,0.9500750298727625
1.55,1.913415911153038,-0.36341591115303795
3.115,3.0695407702321305,0.04545922976786976
0.878,0.04866158807953269,0.8293384119204673
1.058,1.8699240209248629,-0.8119240209248628
1.37,1.729819309457696,-0.3598193094576958
1.563,1.7281559916022644,-0.16515599160226446
1.547,2.067502164108575,-0.520502164108575
1.674,1.14232232457789,0.53167767542211
4.578,2.827586661265542,1.7504133387344583
5.00001,2.922933793953902,2.0770762060460974
1.883,2.9897230441955003,-1.1067230441955003
4.429,2.2882197731015737,2.1407802268984266
5.00001,4.85474464595093,0.14526535404906937
5.00001,3.431412537189793,1.5685974628102066
1.875,1.8724727344029972,0.0025272655970027813
0.574,0.745555828495668,-0.17155582849566808
3.875,2.712539368774287,1.1624606312257129
2.72,3.0617805809323855,-0.3417805809323853
1.676,1.7038519737044666,-0.02785197370446668
4.037,2.7729478669998358,1.2640521330001642
1.917,1.5202179289013387,0.39678207109866137
5.00001,2.1556231796984875,2.844386820301512
1.871,2.2743984958885264,-0.4033984958885264
0.964,1.7041902804184303,-0.7401902804184304
0.924,0.7103771776446521,0.2136228223553479
2.139,2.3887812979298886,-0.2497812979298888
1.55,2.3884155663031805,-0.8384155663031805
1.33,1.7997260716213361,-0.46972607162133606
2.75,1.142117587437987,1.607882412562013
2.385,2.1913236085947077,0.19367639140529214
1.583,1.654295375816865,-0.07129537581686507
0.705,1.1911224232803477,-0.4861224232803477
2.223,2.246284731426279,-0.02328473142627896
4.119,3.2900597567802166,0.8289402432197832
1.851,1.7355584347093966,0.11544156529060334
5.00001,2.459111467826169,2.5408985321738307
1.398,1.6731859158879558,-0.27518591588795593
1.781,2.34434921246514,-0.56334921246514
1.593,2.0371806665358534,-0.4441806665358534
1.25,1.6887634805286353,-0.43876348052863534
1.971,2.8007643411635215,-0.8297643411635214
0.64,0.8702697050929018,-0.2302697050929018
1.946,1.9475045171936216,-0.0015045171936216573
1.625,0.6290684882602662,0.9959315117397338
0.844,1.1910588693158672,-0.34705886931586727
0.613,0.5666254598004556,0.046374540199544345
3.682,3.110633820533991,0.571366179466009
1.221,1.539241410613478,-0.3182414106134779
0.861,0.8026625394526334,0.05833746054736655
2.099,2.141804667704619,-0.04280466770461899
1.708,2.018906809015405,-0.31090680901540524
1.75,2.177510722015171,-0.42751072201517104
1.266,1.4050471268069273,-0.13904712680692732
2.822,2.2292911410604646,0.5927088589395355
2.077,2.6107462183958035,-0.5337462183958035
1.042,1.670690590761268,-0.6286905907612679
2.143,2.741251476282912,-0.5982514762829121
0.803,1.2337096740416271,-0.4307096740416271
2.731,2.852365423193376,-0.12136542319337629
2.375,2.7252083930137445,-0.3502083930137445
0.738,1.0685383381925178,-0.33053833819251777
1.844,1.998288732254963,-0.15428873225496287
3.42,2.329744472758321,1.0902555272416787
1.297,1.7147114422915166,-0.4177114422915167
2.24,3.0107105982064155,-0.7707105982064153
1.569,1.943365662646805,-0.37436566264680504
3.949,3.1195891074960187,0.8294108925039811
1.577,2.3097509420160875,-0.7327509420160876
1.199,1.7454283129704748,-0.5464283129704748
3.169,2.670177578224596,0.49882242177540403
2.125,2.611413792536652,-0.48641379253665207
0.683,1.0000804151678224,-0.31708041516782237
1.651,2.108921325242008,-0.457921325242008
0.936,1.2844127681887585,-0.34841276818875844
0.888,1.5532010654231954,-0.6652010654231953
1.847,2.3623823600454372,-0.5153823600454372
3.271,3.0877243842161377,0.1832756157838622
1.343,1.356619222609531,-0.013619222609531079
5.00001,2.547340713465182,2.4526692865348174
1.621,2.08983041634265,-0.4688304163426502
5.00001,5.376587597398981,-0.3765775973989811
2.292,1.9489969099148112,0.3430030900851886
1.125,1.4474930584373809,-0.32249305843738085
3.542,2.690321899976972,0.8516781000230278
3.621,2.9356082227739506,0.6853917772260494
1.625,1.313741039563233,0.31125896043676704
1.005,1.5456299961446192,-0.5406299961446193
0.677,0.5092866472399464,0.1677133527600536
0.571,0.8778080572741729,-0.30680805727417293
1.648,2.461229074038563,-0.8132290740385633
2.042,2.0368712393356816,0.0051287606643182215
3.424,2.8882476427249912,0.5357523572750087
1.815,1.551618321272123,0.2633816787278769
3.045,1.9576461920018673,1.0873538079981326
2.353,3.011253588632016,-0.6582535886320158
1.053,1.8924300388686888,-0.8394300388686888
2.914,2.3118712067809,0.6021287932191002
1.596,2.469273258767707,-0.873273258767707
1.118,1.3280802207968136,-0.21008022079681354
1.196,1.3713179050367046,-0.17531790503670464
3.297,2.667899658166455,0.6291003418335452
1.367,2.293823079627508,-0.9268230796275079
1.014,1.456397271184393,-0.4423972711843931
1.186,1.0716669688840383,0.1143330311159616
1.333,1.2442209978694336,0.08877900213056633
0.525,0.6738646022786483,-0.14886460227864828
2.346,2.985415100390817,-0.6394151003908171
0.75,1.7563628769682893,-1.0063628769682893
1.763,2.1898763976018145,-0.4268763976018146
3.468,2.732458520711475,0.7355414792885249
2.518,2.567083270046652,-0.04908327004665214
0.542,1.1719694606957347,-0.6299694606957347
0.675,1.7778580735728653,-1.1028580735728652
1.425,2.128208782768205,-0.7032087827682048
1.016,1.3884202765906508,-0.3724202765906508
2.273,3.018786212402553,-0.7457862124025527
3.372,2.5008837622901225,0.8711162377098773
1.188,1.9088733864041671,-0.7208733864041672
0.675,0.785421370722311,-0.11042137072231095
2.02,2.3068458251139248,-0.28684582511392476
0.942,1.1376898594985931,-0.1956898594985932
0.962,0.8807371129318682,0.08126288706813178
2.25,2.561016994256832,-0.31101699425683194
2.587,1.8385825544761332,0.748417445523867
1.031,1.1706126158668155,-0.13961261586681561
1.172,1.5084635959977177,-0.3364635959977178
1.648,1.0287013311765065,0.6192986688234934
1.44,2.019414344614482,-0.5794143446144822
5.00001,3.4668444008912616,1.533165599108738
1.554,0.750713665415347,0.803286334584653
1.147,1.3787070162007282,-0.2317070162007282
1.231,2.121775148079145,-0.8907751480791448
2.268,2.4799196646438872,-0.21191966464388745
1.804,1.0850728890335333,0.7189271109664668
3.109,3.288223046266644,-0.1792230462666442
1.488,2.0728365258063093,-0.5848365258063093
0.847,1.310609172924714,-0.46360917292471404
0.637,1.1059784833851438,-0.4689784833851438
2.62,2.194510144478514,0.4254898555214863
4.381,3.767881956475968,0.6131180435240324
2.265,2.260600136878871,0.004399863121129055
0.876,0.907210990350741,-0.03121099035074104
3.455,3.026566010254669,0.4284339897453311
1.401,1.4057431626169716,-0.004743162616971608
3.667,2.1055017379018963,1.5614982620981035
2.708,2.4603300716631935,0.24766992833680668
1.688,2.3486386278141964,-0.6606386278141965
2.938,3.0962651298034984,-0.15826512980349827
2.518,3.1929138596207665,-0.6749138596207667
0.851,0.7427262394671317,0.1082737605328683
2.675,3.014391297611951,-0.3393912976119511
1.409,2.1775868668662284,-0.7685868668662283
2.855,1.8366619559607216,1.0183380440392784
1.513,1.956550758914581,-0.44355075891458107
2.25,2.130492990205987,0.11950700979401319
0.446,0.9199144666408401,-0.4739144666408401
4.5,1.570128243495624,2.929871756504376
2.293,3.038066622927637,-0.745066622927637
2.25,0.5375388392126581,1.712461160787342
1.38,1.879353188257781,-0.4993531882577811
0.969,1.0599804188437858,-0.09098041884378583
1.612,2.078300130297727,-0.46630013029772677
1.443,0.9318538206777021,0.511146179322298
4.5,1.5533564242208655,2.9466435757791345
1.225,1.7819789889753679,-0.5569789889753678
2.487,2.344310309263385,0.1426896907366153
1.342,2.038805737477155,-0.6968057374771548
3.481,3.4121148251039557,0.06888517489604418
0.783,0.2322545261216291,0.5507454738783709
1.078,1.022539657575095,0.05546034242490516
1.469,1.8832825680334793,-0.4142825680334792
1.883,2.240465710887399,-0.3574657108873991
1.625,1.1817713080934027,0.4432286919065973
0.586,0.47322690527699507,0.1127730947230049
1.837,2.0101427223319916,-0.17314272233199168
1.804,1.8702015601630748,-0.06620156016307477
1.75,1.9350669000167926,-0.1850669000167926
1.372,2.632580738608887,-1.2605807386088868
1.1,3.4369307460839664,-2.3369307460839663
2.334,2.625225511494847,-0.29122551149484677
1.283,0.6404045071091744,0.6425954928908255
3.5,1.501923720468561,1.998076279531439
1.552,1.9871804486274698,-0.43518044862746974
2.567,2.7205608277735465,-0.1535608277735463
0.859,1.1710401029042572,-0.3120401029042572
0.732,0.7257988558719077,0.006201144128092251
2.583,1.9047604646046494,0.6782395353953508
0.628,0.5157267012368223,0.11227329876317771
4.85,2.7655213795352225,2.084478620464777
1.24,1.9090389788095194,-0.6690389788095195
1.585,2.2165957175033597,-0.6315957175033597
0.973,1.415237756062929,-0.44223775606292903
1.867,2.5854809767524785,-0.7184809767524785
3.441,3.461131988036172,-0.02013198803617211
1.667,2.1583234906425943,-0.4913234906425943
1.089,0.6631182837125209,0.42588171628747906
4.829,2.595899884002854,2.2331001159971455
2.044,2.504066192102485,-0.4600661921024849
2.307,2.3118912090059354,-0.004891209005935426
0.53,0.8674918818012145,-0.3374918818012145
1.785,1.7693077793617746,0.015692220638225285
5.00001,3.5543180134235968,1.4456919865764029
5.00001,5.871172652410614,-0.8711626524106144
0.849,1.186552723388182,-0.3375527233881821
5.00001,2.667165003561756,2.3328449964382436
2.468,3.1119242273860976,-0.6439242273860977
1.563,1.721400235231954,-0.158400235231954
2.346,1.8484457458135708,0.4975542541864293
0.488,0.7627208363345304,-0.27472083633453037
1.458,1.9815658885133018,-0.5235658885133019
2.715,2.8942261748363336,-0.17922617483633374
5.00001,2.3219179303666166,2.678092069633383
0.875,2.322238564826364,-1.447238564826364
0.691,0.7693950631101814,-0.0783950631101814
1.393,1.6785707474134668,-0.2855707474134668
2.734,2.1902183906075408,0.5437816093924592
2.297,2.30040488918835,-0.0034048891883498023
0.682,0.6669524553591728,0.015047544640827248
1.143,1.3616178188180896,-0.21861781881808962
1.599,2.1703821747573997,-0.5713821747573997
1.166,1.5315082853033672,-0.3655082853033673
2.099,2.520820734880779,-0.42182073488077876
0.689,0.46323760796677504,0.2257623920332249
1.014,1.7084893320346097,-0.6944893320346097
2.14,2.316589596474742,-0.17658959647474193
3.553,3.419832831772702,0.13316716822729813
0.903,2.038185052082703,-1.135185052082703
1.593,2.1365043177695426,-0.5435043177695427
0.639,0.9177502621636435,-0.2787502621636435
2.182,2.2540673656450636,-0.07206736564506366
2.536,2.8004681147578623,-0.26446811475786225
0.813,0.9024564693469088,-0.08945646934690887
1.886,2.514998516923427,-0.6289985169234271
1.654,2.9739642131679744,-1.3199642131679745
1.063,1.7187550401589462,-0.6557550401589463
2.101,2.6673776585066875,-0.5663776585066875
1.476,1.92429423019545,-0.44829423019545
1.125,2.2398152135547065,-1.1148152135547065
1.75,2.1806889299578955,-0.43068892995789554
1.566,2.288655652418278,-0.7226556524182779
1.173,2.0375674889928135,-0.8645674889928134
2.292,1.715674699225616,0.5763253007743838
3.5,1.9037971166566479,1.5962028833433521
1.719,1.2977313198572489,0.4212686801427512
1.993,2.289561746001695,-0.29656174600169494
2.516,2.655530949587785,-0.139530949587785
3.0,1.9944542236455973,1.0055457763544027
1.589,1.555837657094365,0.03316234290563491
2.168,2.675737811065133,-0.5077378110651329
1.98,2.633282497601904,-0.653282497601904
3.561,3.0490423133784716,0.5119576866215283
1.923,2.2260434239561917,-0.30304342395619166
3.145,2.370672890940952,0.774327109059048
0.5,0.6910352322951852,-0.19103523229518515
1.625,2.127998592626163,-0.5029985926261631
1.671,2.067211573112367,-0.39621157311236677
1.388,1.5560680322708649,-0.16806803227086498
1.476,1.9840095081187883,-0.5080095081187883
2.385,2.392442230429509,-0.007442230429509422
1.107,1.5608308745407342,-0.45383087454073423
3.338,3.2766843785286994,0.06131562147130065
1.921,2.158255533935872,-0.23725553393587195
2.94,2.1472970700899197,0.7927029299100803
1.545,1.5733182699799926,-0.02831826997999265
1.519,2.169265423069163,-0.6502654230691631
5.00001,4.820696994913298,0.17931300508670134
3.229,2.9375085946364763,0.2914914053635238
1.656,2.082854064266826,-0.4268540642668259
2.212,2.098153044931756,0.11384695506824416
1.704,2.192860252876102,-0.4888602528761019
1.987,1.982294692646441,0.004705307353559007
1.625,1.6620530067784145,-0.0370530067784145
4.112,3.6054830959795936,0.5065169040204065
3.355,2.9360867539542213,0.41891324604577873
1.491,1.584629166296672,-0.09362916629667195
3.815,2.5678770257179906,1.2471229742820094
1.839,1.0140582404744407,0.8249417595255593
0.912,1.470547079261685,-0.558547079261685
4.115,3.731834357426301,0.3831656425736991
2.203,2.5950420031218897,-0.39204200312188986
1.581,2.169003324384562,-0.5880033243845619
0.696,-0.03357018478232021,0.7295701847823202
2.705,2.879354690700069,-0.17435469070006882
2.616,2.390389334339055,0.22561066566094512
3.895,2.9527638392298883,0.9422361607701117
0.75,1.0351579704659528,-0.2851579704659528
1.776,2.57215899728309,-0.7961589972830898
1.704,0.5946152282462691,1.1093847717537308
1.542,2.1760734029386413,-0.6340734029386412
1.319,1.7550390818343047,-0.43603908183430473
0.444,0.33619363758822374,0.10780636241177627
1.45,1.8458569168073211,-0.39585691680732116
2.241,2.8399585213800265,-0.5989585213800264
1.875,1.1500639844649072,0.7249360155350928
1.929,1.667644359008051,0.2613556409919491
0.886,0.8425272577542415,0.04347274224575848
1.839,2.1550340151924487,-0.3160340151924488
2.25,3.0245578122152637,-0.7745578122152637
1.828,1.5775364370817613,0.2504635629182388
1.376,1.8683372992039153,-0.49233729920391545
2.653,2.8041552843997906,-0.15115528439979053
0.366,0.6501721454485292,-0.2841721454485292
1.255,1.6882620717051893,-0.4332620717051894
1.386,2.07136358448475,-0.6853635844847503
4.871,2.6488530320291304,2.22214696797087
1.786,1.875321503608376,-0.08932150360837587
1.345,2.0222671429863865,-0.6772671429863866
3.067,3.3487581986699055,-0.28175819866990537
1.158,2.194891940532962,-1.036891940532962
0.914,1.303998937405467,-0.389998937405467
2.109,2.3013836184818715,-0.19238361848187147
2.592,2.966534195030434,-0.3745341950304337
3.473,3.8283475571965013,-0.35534755719650146
1.684,2.3670472193035366,-0.6830472193035366
1.509,0.9912066720794073,0.5177933279205926
1.135,1.2443111733499563,-0.10931117334995633
3.026,2.9074820047992986,0.11851799520070117
4.233,2.6185730611288136,1.614426938871186
4.922,3.7237120655302007,1.198287934469799
1.906,2.1381669211189376,-0.23216692111893766
2.45,2.0031897085679446,0.44681029143205553
0.557,1.1988308859492065,-0.6418308859492065
0.84,1.877555351683597,-1.0375553516835971
2.75,2.854775516314497,-0.104775516314497
1.896,1.5758566298136572,0.32014337018634276
2.759,1.8462390782988862,0.9127609217011137
3.198,3.351819905432883,-0.15381990543288326
2.917,2.3941551894291138,0.522844810570886
0.679,0.921992504396485,-0.2429925043964849
1.89,2.41394314432538,-0.5239431443253799
0.9,1.6006360750423454,-0.7006360750423454
3.35,2.5706088380293863,0.7793911619706138
1.767,1.691686002910437,0.07531399708956288
0.985,1.505978226861778,-0.5209782268617781
2.006,2.2153938358332397,-0.2093938358332399
0.602,0.9976869082355364,-0.3956869082355364
1.919,2.119566942653556,-0.2005669426535559
1.911,2.1732700928636532,-0.2622700928636532
3.373,3.204106456368784,0.16889354363121623
2.25,2.1367995872495626,0.11320041275043735
2.906,1.7878428068504277,1.1181571931495724
1.215,1.121550135292857,0.09344986470714312
2.932,3.0062537469189365,-0.0742537469189366
1.07,1.3608203953111726,-0.29082039531117254
2.664,2.4754938502549777,0.18850614974502244
0.769,1.3904038240001242,-0.6214038240001242
2.203,1.4439311397944579,0.759068860205542
1.011,1.502515384660498,-0.49151538466049804
4.746,2.771993519011424,1.9740064809885762
0.653,0.5235234832232081,0.12947651677679195
1.137,1.3968371574074467,-0.25983715740744673
2.142,2.2648449511232442,-0.12284495112324434
2.167,2.7790696113565048,-0.612069611356505
1.984,2.345637941638607,-0.3616379416386071
2.122,1.6437047943982108,0.47829520560178906
2.227,2.494450784230729,-0.267450784230729
2.659,2.712844990387069,-0.053844990387069025
0.375,1.0025885954686018,-0.6275885954686018
2.65,2.5273120111923006,0.12268798880769927
1.087,1.2452888896112668,-0.15828888961126686
0.467,0.9302533809736815,-0.46325338097368146
1.875,2.2719756961648088,-0.39697569616480877
0.616,0.4408027895422677,0.1751972104577323
3.43,3.1083517261442424,0.3216482738557578
1.66,1.9757410157675181,-0.31574101576751823
5.00001,2.27333468507436,2.7266753149256395
1.375,2.3452810315582084,-0.9702810315582084
0.906,0.3654578606585659,0.5405421393414341
0.77,1.3971661887794085,-0.6271661887794084
1.481,2.1634375084781254,-0.6824375084781253
0.916,1.7124915538945444,-0.7964915538945444
1.509,1.4557451487425936,0.053254851257406255
1.551,2.024729821052482,-0.47372982105248185
0.892,1.2367380609176593,-0.34473806091765924
2.154,1.6372748074920196,0.5167251925079803
0.551,0.40310873539733194,0.1478912646026681
1.974,1.997859595154047,-0.02385959515404701
1.544,1.8144410060329008,-0.2704410060329008
1.417,1.8619715852902914,-0.44497158529029135
0.984,1.1949568401884747,-0.21095684018847471
1.526,2.0446873063382967,-0.5186873063382966
1.096,1.5815238401286322,-0.48552384012863214
1.713,1.5525163273327323,0.16048367266726782
1.041,0.9306410778183789,0.11035892218162102
1.539,2.2897245381540046,-0.7507245381540046
2.7,2.0441621589734993,0.6558378410265009
2.865,3.0292986840569114,-0.16429868405691117
3.35,2.480693226959744,0.8693067730402562
1.377,1.8914374958689137,-0.5144374958689137
2.32,2.0827511513396786,0.23724884866032125
3.938,2.774101272669853,1.1638987273301473
0.703,0.7659850015581,-0.06298500155810005
1.417,1.6715692407582026,-0.25456924075820253
1.563,1.9877359764280271,-0.4247359764280272
4.5,2.54675356909717,1.95324643090283
1.998,1.692765351995007,0.305234648004993
0.953,1.2666843729236277,-0.3136843729236277
0.869,1.3846002181111814,-0.5156002181111814
1.875,1.6885761402294506,0.18642385977054943
2.218,2.8958865307134474,-0.6778865307134474
0.588,0.6624605352765869,-0.07446053527658691
1.344,0.9670049298319441,0.376995070168056
2.386,2.8774800142978734,-0.49148001429787325
1.609,1.9581096702215532,-0.34910967022155326
1.364,1.9818495830906713,-0.6178495830906712
1.44,1.9516068584655812,-0.5116068584655813
1.593,2.239515261456134,-0.646515261456134
1.553,1.8626746204379856,-0.30967462043798566
1.426,2.608161287985027,-1.182161287985027
1.207,1.326919226647611,-0.11991922664761101
1.262,1.7637662513634709,-0.5017662513634709
2.134,2.5947803915501453,-0.4607803915501454
1.169,1.607437939977416,-0.43843793997741587
1.858,2.071359786830527,-0.21335978683052703
3.56,3.50937131739979,0.05062868260021025
1.5,1.2971659480316475,0.20283405196835247
0.889,1.012331022112761,-0.12333102211276104
2.591,2.1276744034137067,0.46332559658629346
5.00001,3.6608915736517886,1.339118426348211
1.276,1.345279690349109,-0.06927969034910908
0.699,1.2549102201877247,-0.5559102201877247
1.37,2.295552988246108,-0.9255529882461078
2.737,2.7039216066900096,0.03307839330999052
0.92,1.2298628881138711,-0.3098628881138711
1.183,1.8042753437085608,-0.6212753437085607
4.108,4.864859541350398,-0.7568595413503987
1.005,1.1542159453294474,-0.14921594532944749
4.929,2.523386829532548,2.4056131704674524
1.185,1.5232909815482003,-0.33829098154820025
1.135,1.7350408412478018,-0.6000408412478018
0.899,1.634382343172831,-0.735382343172831
5.00001,3.8919473353722154,1.1080626646277842
5.00001,4.64556412459109,0.3544458754089099
1.463,3.067062660466185,-1.6040626604661847
1.135,1.6230555742998405,-0.4880555742998405
2.75,2.4150406878304196,0.3349593121695804
1.025,1.4772560157150636,-0.4522560157150637
1.471,2.1304311263537343,-0.6594311263537342
2.25,2.2377442313352134,0.012255768664786615
1.394,1.3368585809651563,0.0571414190348436
1.758,2.32690992301751,-0.5689099230175101
0.57,1.6033085696791431,-1.0333085696791433
2.696,1.9982954281811232,0.697704571818877
2.729,2.7926798225469653,-0.06367982254696525
0.762,1.1363265387319217,-0.3743265387319217
4.841,4.086722361643659,0.7542776383563412
1.806,1.7850029353979764,0.020997064602023663
2.38,2.245683310265136,0.134316689734864
1.375,1.3401048676510996,0.034895132348900404
1.863,1.4249711326169887,0.4380288673830113
1.929,2.5782414267544524,-0.6492414267544524
0.845,0.5184529506755311,0.3265470493244689
1.076,1.931933494223891,-0.855933494223891
0.555,0.2676003198751715,0.2873996801248285
2.653,2.296609082646569,0.3563909173534312
3.883,3.0829184098980775,0.8000815901019225
4.827,3.221975074728391,1.605024925271609
1.981,2.988964335480908,-1.007964335480908
0.927,0.832007674329887,0.09499232567011306
3.462,3.3404769594433006,0.1215230405566996
0.388,1.1880752819534308,-0.8000752819534308
0.567,0.7561182865689418,-0.1891182865689418
1.237,2.2695404921950484,-1.0325404921950483
0.938,1.182785285835699,-0.24478528583569914
0.932,1.29757818508169,-0.36557818508169004
0.44,0.06724407403147836,0.37275592596852164
0.692,1.4892665198109185,-0.7972665198109186
3.018,2.9812940175989837,0.03670598240101608
2.542,1.8618861320845213,0.6801138679154786
2.098,2.638599270528964,-0.540599270528964
1.845,2.063306964201132,-0.21830696420113216
0.734,1.0121183573799186,-0.27811835737991863
3.39,3.3236673018467684,0.06633269815323173
0.931,1.4451622383928608,-0.5141622383928608
2.023,2.2958214794146627,-0.2728214794146626
1.333,1.2507771408910457,0.08222285910895422
2.707,2.6881555390766465,0.018844460923353346
2.402,3.034767412773583,-0.6327674127735827
1.393,1.2772483643961152,0.1157516356038848
0.57,0.9648218027205289,-0.3948218027205289
1.707,0.9678467366512962,0.7391532633487039
1.192,1.6975379615512622,-0.5055379615512623
1.773,2.350359684025321,-0.577359684025321
2.896,2.78329762864751,0.11270237135248973
2.976,2.226225944876667,0.749774055123333
1.099,1.512782222723061,-0.413782222723061
1.475,1.4694683972213625,0.005531602778637623
0.787,0.3553107336774559,0.4316892663225441
1.603,2.470318997167354,-0.8673189971673538
0.777,1.475630109272636,-0.698630109272636
4.735,3.986043251012198,0.7489567489878022
5.00001,4.640919619597966,0.35909038040203356
1.331,1.273916692368779,0.057083307631220936
0.935,1.0798129655865054,-0.14481296558650536
2.801,2.707053621206633,0.0939463787933672
2.567,2.3148324033473813,0.2521675966526189
2.88,2.8296755717544286,0.05032442824557126
1.611,1.5497582881362177,0.061241711863782244
1.37,2.098701436348378,-0.7287014363483779
0.62,0.952906867099351,-0.332906867099351
4.438,3.7659881165242055,0.6720118834757942
0.683,0.34314612814426937,0.3398538718557307
2.621,2.6093667866928953,0.01163321330710465
1.094,0.9371727113728241,0.156827288627176
4.093,3.220077047001382,0.8729229529986178
1.752,2.050553815861697,-0.29855381586169716
1.477,1.8910879493282806,-0.4140879493282805
2.875,1.7529214679032918,1.1220785320967082
0.932,1.5646100472188351,-0.6326100472188351
0.938,1.5897749214101893,-0.6517749214101893
1.724,1.868879625101961,-0.14487962510196106
3.186,2.8724748986854536,0.31352510131454636
1.852,1.750748505717425,0.10125149428257507
0.652,0.6337483748549673,0.018251625145032757
1.797,0.9969045207563241,0.8000954792436759
1.592,1.588280041009277,0.0037199589907230823
1.519,1.6922378750768416,-0.17323787507684174
0.717,1.0820518971091602,-0.3650518971091602
2.452,1.756067701948453,0.695932298051547
2.283,2.6612116711678198,-0.37821167116781984
1.964,1.509759146898098,0.454240853101902
1.924,2.072435684097492,-0.14843568409749208
0.659,0.56457119044439,0.09442880955561006
2.823,1.7548983444640243,1.0681016555359757
1.853,2.102510206751944,-0.24951020675194413
0.886,1.4193751963792494,-0.5333751963792494
0.675,1.0012773732680031,-0.3262773732680031
1.434,0.8308016353282781,0.6031983646717218
1.194,1.2588759540178955,-0.06487595401789559
2.158,2.800200520852542,-0.6422005208525419
2.574,2.8093850557843965,-0.2353850557843966
3.734,2.9119881510710854,0.8220118489289145
1.523,1.7013784893732478,-0.17837848937324785
2.457,2.947559061617035,-0.4905590616170352
0.8,1.5101036352142856,-0.7101036352142855
1.372,1.3168283530007656,0.05517164699923449
2.669,3.1043535324332723,-0.43535353243327224
3.953,3.0169130193248748,0.9360869806751251
2.221,2.7389165267919324,-0.5179165267919323
5.00001,2.0646053302649534,2.935404669735046
5.00001,3.4155666955324335,1.584443304467566
2.329,2.393238171800057,-0.06423817180005686
2.597,2.89294201873485,-0.2959420187348498
2.157,1.5461077713312505,0.6108922286687495
2.432,2.9358591947985673,-0.5038591947985673
2.214,2.3495107346147464,-0.1355107346147464
1.125,1.389225096285692,-0.264225096285692
3.885,2.3664699674655054,1.5185300325344944
4.1,2.4149021486187223,1.6850978513812773
1.63,2.737515262745937,-1.1075152627459373
5.0,2.835252611918918,2.164747388081082
2.313,1.8461540991040977,0.4668459008959025
0.761,1.6004991578783887,-0.8394991578783887
4.586,2.430411401238473,2.1555885987615273
3.663,3.09672898261433,0.5662710173856698
2.968,2.2526422695168193,0.7153577304831806
0.586,1.1277493185283518,-0.5417493185283518
0.848,1.0815660255314512,-0.23356602553145123
1.173,1.6607816258800767,-0.4877816258800767
1.266,0.47533016529374095,0.7906698347062591
1.708,2.45597128203989,-0.74797128203989
1.493,1.2756636563290655,0.21733634367093457
1.19,0.7571767551678477,0.4328232448321523
3.75,2.418546162085768,1.331453837914232
2.849,3.1172815160323424,-0.2682815160323422
1.701,1.710239024151356,-0.009239024151356023
5.00001,2.9588232863662896,2.04118671363371
0.987,1.302667201060153,-0.315667201060153
0.608,0.5192441980544871,0.08875580194551291
1.428,1.5282546063860778,-0.10025460638607786
2.239,2.4613091090813484,-0.2223091090813485
1.375,1.702429376937701,-0.327429376937701
2.978,3.0014318566253664,-0.023431856625366176
1.127,2.007786861442142,-0.8807868614421419
1.133,0.6699527843021613,0.4630472156978387
1.214,1.4149078213103365,-0.20090782131033658
2.484,2.7220763018843144,-0.2380763018843144
4.078,3.545402860717985,0.5325971392820152
3.566,3.437875401645698,0.1281245983543018
1.063,1.1336258102315213,-0.07062581023152137
1.214,1.7302499723321887,-0.5162499723321887
2.409,2.112242985336046,0.296757014663954
2.471,1.908294182972405,0.5627058170275951
1.379,0.6984412474414654,0.6805587525585346
0.863,0.5095275686602747,0.3534724313397253
5.00001,3.551067303679922,1.4489426963200778
2.163,2.5173331209533316,-0.3543331209533318
3.056,2.830501507459175,0.225498492540825
1.583,2.124089591376368,-0.541089591376368
4.521,2.4093817940329814,2.1116182059670185
0.95,1.7362697682771895,-0.7862697682771895
1.057,0.2811004577499929,0.775899542250007
0.846,1.2303988735858766,-0.38439887358587665
2.401,2.080217772156246,0.320782227843754
1.625,1.682236381074624,-0.05723638107462392
0.966,1.4671130216038293,-0.5011130216038293
0.922,0.5664266070538773,0.3555733929461228
2.282,2.2836034938565035,-0.0016034938565034906
1.137,2.6426639517897996,-1.5056639517897996
0.69,0.8201057881392018,-0.13010578813920182
5.00001,3.7163012796476664,1.2837087203523332
2.25,1.9804517480286492,0.2695482519713508
1.74,1.8718520451555207,-0.13185204515552074
5.00001,3.64643809347978,1.3535719065202194
2.53,2.817214769971031,-0.287214769971031
2.776,3.533976319548813,-0.7579763195488134
2.852,2.7253216458815714,0.12667835411842843
0.903,1.6657613150066268,-0.7627613150066268
1.899,1.409889465263369,0.48911053473663113
3.166,2.5636620139694912,0.6023379860305087
3.019,2.8165487827156497,0.20245121728435045
0.931,0.9475138272673576,-0.016513827267357506
0.942,1.4060889539050407,-0.4640889539050408
2.138,2.3354910417991093,-0.19749104179910937
1.875,2.0120731731612764,-0.13707317316127643
5.00001,3.071800847798805,1.9282091522011946
3.257,3.0709280192064554,0.1860719807935447
3.0,2.0783334936985938,0.9216665063014062
1.439,2.093069484850119,-0.654069484850119
5.00001,4.527075674911259,0.47293432508874034
2.641,2.9981091114744274,-0.35710911147442737
0.623,1.2406150927226136,-0.6176150927226136
1.388,0.6065265746152164,0.7814734253847835
1.054,1.9332755397143515,-0.8792755397143515
0.635,0.5388816696540317,0.09611833034596828
5.00001,1.6680339913782163,3.3319760086217833
0.978,0.996938058372379,-0.018938058372379052
1.274,1.8811485704894935,-0.6071485704894934
1.353,1.9245221339106564,-0.5715221339106564
1.561,1.8021449495228623,-0.24114494952286236
4.468,3.6596994889069734,0.8083005110930266
0.65,0.6603887318359796,-0.010388731835979548
1.518,1.9191605994996692,-0.4011605994996692
1.922,2.035348285642243,-0.1133482856422432
1.531,1.882913030338905,-0.3519130303389051
1.658,2.027238798500221,-0.36923879850022123
2.542,2.3139751516007365,0.2280248483992633
2.342,2.6675089352570325,-0.3255089352570324
1.125,1.2574956486227435,-0.13249564862274354
1.187,1.3989515242715171,-0.2119515242715171
2.409,2.1291429429023125,0.27985705709768727
2.833,3.340209027857462,-0.5072090278574617
4.5,0.8672162056679511,3.632783794332049
0.521,1.006753048968946,-0.485753048968946
0.559,0.8602156467432849,-0.3012156467432848
0.881,0.7212866315317541,0.1597133684682459
2.489,2.3369152427718234,0.1520847572281765
0.686,0.8246111440292978,-0.13861114402929775
1.563,1.7211352116641265,-0.15813521166412658
2.727,2.6728757667575778,0.054124233242422104
3.404,2.769912076930588,0.6340879230694121
2.188,1.6490504991150203,0.5389495008849798
0.701,0.9052572835185231,-0.20425728351852313
5.00001,2.7837426714253226,2.216267328574677
1.625,11.500331025900849,-9.875331025900849
1.118,1.0863494497123654,0.03165055028763475
1.102,1.2326541599703518,-0.13065415997035168
0.742,0.7895427006990587,-0.04754270069905875
1.032,1.560009275838297,-0.528009275838297
1.721,2.212791806539279,-0.491791806539279
1.32,1.3878398008373338,-0.06783980083733376
1.663,2.0429245409291283,-0.3799245409291283
1.073,1.5218101133324495,-0.4488101133324496
1.079,0.7962989324067067,0.2827010675932933
0.946,0.9300833284563907,0.015916671543609207
0.661,1.138917287236488,-0.4779172872364881
1.582,2.106826958616601,-0.524826958616601
0.958,0.658254196192118,0.29974580380788196
1.17,1.3101659667047514,-0.14016596670475145
1.709,2.125336934967514,-0.4163369349675139
0.929,1.5456745404896708,-0.6166745404896707
1.625,1.7919423822467735,-0.1669423822467735
1.938,1.6720598632551997,0.2659401367448002
1.346,1.2655739009864462,0.08042609901355391
1.231,0.7157009648528714,0.5152990351471287
1.157,1.4353218447305949,-0.27832184473059485
0.835,1.6721192119078978,-0.8371192119078978
0.622,0.8329083491854945,-0.2109083491854945
0.744,0.9792420485470288,-0.2352420485470288
1.801,2.0227494322992214,-0.2217494322992215
1.958,2.5861216080747553,-0.6281216080747554
5.00001,4.600804065281679,0.3992059347183208
1.443,1.640749033099489,-0.19774903309948888
1.254,1.1714098702349887,0.08259012976501134
0.808,1.2050204888105824,-0.3970204888105824
0.659,1.1766977684469566,-0.5176977684469566
1.579,2.43019829185112,-0.8511982918511201
5.00001,2.1948846925167516,2.805125307483248
1.808,2.1793447362921725,-0.37134473629217246
2.362,2.7666180623608554,-0.4046180623608553
1.03,1.648501984358532,-0.618501984358532
2.169,1.8903694381088556,0.27863056189114443
3.833,1.7703418271860087,2.0626581728139914
5.00001,1.7111556154246514,3.288854384575348
0.835,0.3178903057308986,0.5171096942691014
2.144,1.9023371728590348,0.24166282714096532
1.0,0.34953938230177783,0.6504606176982222
0.788,0.9186158541180021,-0.13061585411800203
0.976,1.481303523678804,-0.5053035236788039
1.784,2.262389123058199,-0.4783891230581989
2.871,3.0721802118994006,-0.2011802118994006
2.701,3.2154834081779313,-0.5144834081779313
1.855,2.6048985359204266,-0.7498985359204267
0.906,1.7190733315917441,-0.8130733315917441
2.136,1.613010910375614,0.5229890896243861
1.243,1.3640194480938206,-0.12101944809382048
2.05,1.314290086041808,0.7357099139581917
2.567,2.0337114221310415,0.5332885778689587
3.927,3.6499043439564716,0.2770956560435285
1.333,1.6630978772144402,-0.3300978772144403
1.871,2.2102700014056325,-0.33927000140563246
2.554,3.2925989935628195,-0.7385989935628197
3.474,2.806817579616336,0.6671824203836643
1.717,1.6838408879730338,0.03315911202696631
1.125,1.8094753432069055,-0.6844753432069055
0.826,0.8169473270777488,0.009052672922251204
0.486,1.2335857292095866,-0.7475857292095867
1.341,2.252871756378383,-0.9118717563783829
2.258,2.0822446971680293,0.17575530283197072
5.00001,4.010686471987846,0.9893235280121537
4.7,2.9295023042921216,1.7704976957078786
2.258,2.5502858323466526,-0.2922858323466526
1.58,1.7035710138692437,-0.12357101386924363
1.171,0.9313081550463451,0.23969184495365492
4.163,3.6379524927936586,0.5250475072063416
1.208,1.0672036241979441,0.14079637580205584
2.263,2.5884888532483004,-0.32548885324830046
1.222,1.5787670642160023,-0.35676706421600235
1.0,1.33808939514671,-0.3380893951467101
2.295,2.354393685230164,-0.059393685230164195
1.958,1.0744271469696969,0.8835728530303031
0.85,0.454642565531195,0.395357434468805
2.647,1.779645699059472,0.8673543009405278
4.555,4.065241255889553,0.4897587441104463
1.76,1.8187612606472356,-0.058761260647235636
0.811,0.9379897081966178,-0.1269897081966177
1.664,2.232644097542966,-0.5686440975429663
0.826,1.5723456170219237,-0.7463456170219237
2.722,1.9028167350026663,0.8191832649973336
2.711,2.2128151781221774,0.4981848218778224
2.394,2.4627551051826373,-0.06875510518263717
1.718,2.469027268045089,-0.7510272680450889
1.218,0.41440518111925684,0.8035948188807431
1.736,1.6605762744018335,0.07542372559816646
2.393,2.261614992894863,0.1313850071051368
0.588,1.225059431615385,-0.6370594316153851
2.875,2.4568738400857484,0.4181261599142516
0.707,1.145453214418552,-0.4384532144185521
1.817,1.8974726087897977,-0.08047260878979778
1.137,1.4970541408820708,-0.3600541408820708
2.241,2.537948477186802,-0.29694847718680206
3.513,3.627152043170163,-0.11415204317016325
3.013,2.997076394773238,0.01592360522676195
0.807,2.5956176293744164,-1.7886176293744165
1.526,1.7755918747270343,-0.24959187472703426
2.374,2.765405051025624,-0.39140505102562395
1.794,2.362821164913825,-0.5688211649138251
5.00001,4.135155024569542,0.8648549754304575
1.702,2.396140010328473,-0.6941400103284732
1.653,1.9213675513811168,-0.2683675513811168
2.259,2.460798202017216,-0.201798202017216
1.597,1.484429868644341,0.11257013135565908
3.635,3.056345929828659,0.578654070171341
1.321,2.0179396223481874,-0.6969396223481874
3.768,2.5499938698496436,1.2180061301503562
0.969,1.8584750995929866,-0.8894750995929867
3.162,2.7927438217950282,0.3692561782049717
3.238,2.7098689668987532,0.5281310331012468
3.875,2.6701820460295878,1.2048179539704122
1.491,1.8463716833717285,-0.3553716833717284
5.00001,6.357260268747076,-1.3572502687470767
2.25,1.2849517819937901,0.9650482180062099
1.788,2.1189026177209627,-0.33090261772096263
0.875,1.520502950020493,-0.645502950020493
1.301,1.7928930996016135,-0.49189309960161354
5.00001,3.712914326877822,1.2870956731221774
3.49,2.962948197849599,0.5270518021504014
0.73,1.4182406076533098,-0.6882406076533099
2.447,2.479273527815785,-0.03227352781578485
2.754,2.159676198069562,0.5943238019304382
2.462,2.7743211679346516,-0.31232116793465137
2.362,2.0109609775898676,0.3510390224101325
2.322,3.0174161351575677,-0.6954161351575676
0.533,0.9801032520843762,-0.4471032520843762
1.631,1.5339226719191288,0.09707732808087122
0.724,0.3144551075891542,0.4095448924108458
2.345,2.113673519058615,0.23132648094138508
1.5,1.7767736633499425,-0.27677366334994247
1.161,1.4766598986220316,-0.3156598986220316
1.813,1.7916517135814587,0.02134828641854125
1.21,2.0352864572600495,-0.8252864572600496
0.887,1.6771554077320516,-0.7901554077320516
1.825,2.5525811630499504,-0.7275811630499505
1.974,2.1848412470058136,-0.21084124700581364
1.281,1.8263033962104842,-0.5453033962104843
0.765,0.6126902562860934,0.1523097437139066
3.0,3.1553109455528343,-0.1553109455528343
5.00001,4.376839629871164,0.623170370128836
1.603,2.0452340589760496,-0.4422340589760496
3.356,3.3127611282614566,0.04323887173854324
1.576,1.596498922471696,-0.020498922471695824
1.906,2.3480343710346574,-0.4420343710346575
1.808,1.9382784477342767,-0.13027844773427666
1.042,1.0633781102505822,-0.021378110250582116
1.118,1.590726925144729,-0.4727269251447288
1.941,2.338727903591483,-0.3977279035914829
2.538,3.0755843359509,-0.5375843359509003
1.295,2.068390590703949,-0.7733905907039489
1.176,1.5283107740471138,-0.35231077404711386
3.398,3.3868894084136087,0.011110591586391383
3.429,2.5100317127492104,0.9189682872507894
1.955,1.7798060128911501,0.17519398710884992
0.838,0.4797160730460206,0.35828392695397937
0.942,1.6476836713568943,-0.7056836713568944
1.406,1.440377787606053,-0.034377787606053145
1.609,2.161475159055378,-0.552475159055378
1.693,2.0038223499447554,-0.3108223499447553
2.759,2.7646941434500008,-0.005694143450000855
1.462,1.6053709373503366,-0.14337093735033668
2.023,1.1729159608247741,0.850084039175226
1.54,1.9346527047135211,-0.3946527047135211
1.355,1.9786915947926786,-0.6236915947926787
2.359,2.6810563988169704,-0.32205639881697046
1.288,1.41549177343353,-0.1274917734335299
2.496,2.405747968914035,0.09025203108596491
3.0,2.1249112114512627,0.8750887885487373
1.341,1.8612248647896408,-0.5202248647896408
3.086,2.6647608038950565,0.4212391961049433
3.5,2.6304571537832615,0.8695428462167385
1.108,1.9834573729960852,-0.8754573729960851
1.908,1.7962629725485044,0.1117370274514955
1.088,1.0062523751142862,0.08174762488571385
1.444,1.6098819139759186,-0.16588191397591867
1.629,1.9593343703617165,-0.33033437036171653
1.639,2.162349392149757,-0.523349392149757
0.98,1.482782759338221,-0.502782759338221
1.327,1.7152551013562345,-0.38825510135623453
2.831,2.767567323051807,0.06343267694819277
4.072,3.0035825470763484,1.0684174529236516
2.482,2.991113448406324,-0.5091134484063238
0.645,1.2452399188013388,-0.6002399188013388
5.00001,2.819845499124071,2.1801645008759287
1.944,2.3899626099094675,-0.44596260990946757
1.375,1.6618838420624158,-0.2868838420624158
1.273,1.6532582554281134,-0.38025825542811353
0.853,1.5666400605671953,-0.7136400605671953
1.949,1.9193848717020359,0.0296151282979642
2.211,2.3588614493087334,-0.14786144930873357
1.922,2.1335634958674987,-0.21156349586749879
4.045,2.1595265080083763,1.8854734919916236
0.735,0.6054101842720314,0.12958981572796857
2.337,2.1016019202747174,0.23539807972528282
1.188,1.234170688021166,-0.046170688021166084
0.7,1.2690363453511821,-0.5690363453511822
1.828,1.9497254520377538,-0.12172545203775376
5.00001,4.794236575618996,0.20577342438100388
1.577,2.1071635846632333,-0.5301635846632333
2.479,2.575412549421152,-0.09641254942115207
5.00001,4.2650719867232425,0.7349380132767571
3.579,2.6611077863912485,0.9178922136087517
0.569,0.6224342831882339,-0.053434283188233955
3.024,3.2970513671201616,-0.27305136712016154
1.254,1.4544748054767282,-0.20047480547672825
3.864,2.5205805359232585,1.3434194640767414
1.756,1.9664479147912246,-0.2104479147912246
1.105,1.7270611569663572,-0.6220611569663572
3.867,3.943665571878533,-0.07666557187853318
1.375,1.9487729841883166,-0.5737729841883166
2.287,3.0327416311943836,-0.7457416311943836
1.494,1.8463937919032887,-0.3523937919032887
0.737,1.4784836701274457,-0.7414836701274458
5.00001,2.7180475802952273,2.2819624197047723
1.321,1.4097440370159973,-0.08874403701599731
0.865,0.7850490645566666,0.07995093544333343
4.179,2.4680541828518727,1.7109458171481275
1.726,1.4950599102969022,0.23094008970309776
0.997,1.076290608293725,-0.07929060829372492
0.725,1.677069168240699,-0.9520691682406991
1.808,2.7903230699520876,-0.9823230699520875
3.084,2.3501217339201403,0.7338782660798597
2.883,2.8607136561681585,0.02228634383184147
3.022,2.1730982703510406,0.8489017296489592
2.888,3.2435519096077456,-0.35555190960774574
1.0,1.389162196719269,-0.3891621967192691
2.33,2.077107518856536,0.25289248114346385
1.369,2.2681253137199704,-0.8991253137199704
2.094,1.8775681890680076,0.21643181093199226
2.466,2.706984452328193,-0.24098445232819277
0.652,0.7295951057769159,-0.07759510577691586
4.912,2.6613987934036416,2.2506012065963583
3.567,3.3068044431581853,0.26019555684181483
1.643,2.0008832933076945,-0.3578832933076945
0.882,1.0339657492133227,-0.15196574921332273
1.559,1.008437698571612,0.550562301428388
1.917,1.870348344778563,0.046651655221437105
0.844,1.8744714227256551,-1.0304714227256553
1.901,2.401517992949451,-0.5005179929494508
1.125,1.0411570001254304,0.08384299987456956
1.152,2.1743412983959303,-1.0223412983959304
1.746,2.3520320574523907,-0.6060320574523907
1.135,1.8062369188934397,-0.6712369188934397
1.524,2.199837463894063,-0.6758374638940632
2.503,2.0828152846770536,0.42018471532294654
1.837,2.1891005017958705,-0.3521005017958705
5.00001,2.1350706499627066,2.864939350037293
3.109,2.9342289096936085,0.17477109030639149
2.306,2.0182900034014395,0.28770999659856056
0.685,0.8951597216854097,-0.21015972168540964
2.674,2.383796622857126,0.2902033771428738
1.453,1.8319119771032888,-0.3789119771032887
2.82,3.1109387417380034,-0.2909387417380036
2.821,1.5679516765913917,1.2530483234086085
1.898,2.592240631619589,-0.694240631619589
2.544,2.7773378729485074,-0.23333787294850739
1.617,2.2087822654423164,-0.5917822654423164
1.888,1.8055724839907796,0.08242751600922027
5.00001,2.673727759476229,2.3262822405237706
0.944,0.7494772697735996,0.19452273022640032
3.428,2.757053764647601,0.6709462353523987
1.915,2.2906811594252474,-0.3756811594252474
2.096,1.821844739063792,0.2741552609362081
2.35,2.319646612334573,0.030353387665427167
2.314,3.0710765841848584,-0.7570765841848583
1.302,1.9258273517800575,-0.6238273517800574
2.082,2.5261676625712894,-0.4441676625712896
5.00001,4.411724018843998,0.5882859811560017
1.686,1.943365217199954,-0.2573652171999541
2.281,2.1995490996871183,0.08145090031288182
1.269,1.8885642543496104,-0.6195642543496105
1.355,1.8157680649357673,-0.4607680649357673
1.567,2.5062410906191275,-0.9392410906191275
2.086,2.266262668026876,-0.18026266802687596
4.367,2.6612612254896817,1.7057387745103183
0.71,0.8455901018378924,-0.13559010183789244
0.888,0.42688763454705736,0.46111236545294265
3.416,3.3315755226931145,0.0844244773068854
1.202,1.6330437820194277,-0.4310437820194277
1.482,1.6397126235751571,-0.15771262357515714
5.00001,3.5205602993914695,1.47944970060853
3.75,2.0190985330762246,1.7309014669237754
1.375,1.7921693048216056,-0.41716930482160564
0.648,0.7427110742143483,-0.09471107421434832
2.318,2.6052419596289624,-0.2872419596289624
1.607,1.9957219435190368,-0.38872194351903677
2.51,2.103908501242884,0.4060914987571156
1.425,2.2374007361014563,-0.8124007361014562
1.765,2.140300615469961,-0.3753006154699612
1.771,2.1840400576436636,-0.4130400576436637
3.118,2.9271476825826213,0.19085231741737863
0.846,1.6670551694160807,-0.8210551694160807
1.226,0.8760268786288137,0.3499731213711863
1.982,2.2945762655446984,-0.3125762655446984
5.0,2.8989964104154495,2.1010035895845505
2.798,3.12065813086582,-0.32265813086582007
1.95,2.6389053110060985,-0.6889053110060985
2.028,1.3295916048664367,0.6984083951335633
3.541,2.5824844711337676,0.9585155288662324
2.595,2.771098774850735,-0.17609877485073477
5.00001,2.849369175625988,2.150640824374012
2.724,2.7738089835438586,-0.04980898354385843
1.839,2.0396298203973657,-0.20062982039736577
2.858,2.4982606583578644,0.3597393416421357
2.25,1.713555140028852,0.536444859971148
2.926,2.4514552225264197,0.4745447774735805
0.552,0.5384234866505508,0.013576513349449204
2.62,1.9063670037338198,0.7136329962661803
1.589,2.602440396074556,-1.013440396074556
1.721,2.456726394709179,-0.7357263947091788
1.917,2.281387625302848,-0.3643876253028482
2.25,2.451491938980652,-0.2014919389806522
1.083,1.5731086553606772,-0.49010865536067727
1.136,1.045605848963369,0.09039415103663084
1.0,1.4714311464449708,-0.47143114644497075
1.917,1.6200863570701358,0.2969136429298642
1.172,1.314182851917991,-0.14218285191799107
1.106,1.3467184247166415,-0.2407184247166414
0.802,1.3585113583048596,-0.5565113583048595
0.981,1.6858997573158305,-0.7048997573158305
2.538,2.836046726112798,-0.29804672611279814
0.481,0.6597731551324557,-0.17877315513245573
1.928,1.9816309398326197,-0.053630939832619795
1.328,1.4054328496461608,-0.0774328496461607
1.963,1.6717908640313937,0.2912091359686064
3.208,2.2930503892971714,0.9149496107028288
3.194,2.1089298762194844,1.0850701237805156
2.037,2.8910928483775535,-0.8540928483775536
2.071,2.6718782085651966,-0.6008782085651965
0.799,0.8308747080424936,-0.031874708042493594
5.00001,2.4290260849162024,2.570983915083797
3.3,2.4295290353621866,0.8704709646378133
1.39,1.96852109977781,-0.5785210997778101
1.875,2.1792516253945493,-0.3042516253945493
4.483,2.5668961202034026,1.916103879796597
1.763,2.0021101438181717,-0.23911014381817175
1.759,1.6509287226522105,0.10807127734778943
1.042,1.4061195842381906,-0.3641195842381906
1.622,2.0097235685395773,-0.38772356853957723
1.668,2.1164679177171095,-0.4484679177171096
1.612,1.6812491994262828,-0.06924919942628271
1.531,1.8356486191978973,-0.30464861919789743
1.569,1.4896066378019128,0.07939336219808713
1.581,1.6808567196454334,-0.09985671964543341
0.769,1.2123243487550468,-0.4433243487550468
1.654,2.167291819615258,-0.513291819615258
0.735,1.971784671494916,-1.2367846714949162
1.184,1.6778881603425475,-0.49388816034254757
1.424,1.5587815736825874,-0.13478157368258747
2.803,2.8171334216757984,-0.014133421675798452
1.072,1.0333140732100503,0.038685926789949754
1.833,1.1724142169945964,0.6605857830054036
0.988,0.04754318306884642,0.9404568169311536
2.345,1.8157268020265036,0.5292731979734966
1.435,2.261554578295076,-0.8265545782950761
1.08,1.992922660152395,-0.912922660152395
0.978,-0.14358418395325145,1.1215841839532514
0.705,1.1037530383932292,-0.3987530383932293
2.259,1.8540075417013426,0.40499245829865727
2.398,2.535272814752034,-0.13727281475203368
1.364,1.7420253888384707,-0.3780253888384706
1.806,2.2250877689656363,-0.41908776896563626
2.396,2.6692116799561205,-0.2732116799561206
2.657,2.858967729074081,-0.2019677290740809
2.042,2.2284193519240816,-0.18641935192408177
1.225,1.9888745983034113,-0.7638745983034112
2.04,2.7619429336507793,-0.7219429336507792
1.953,2.0964261729106752,-0.14342617291067516
2.158,2.27046440049147,-0.11246440049146988
5.00001,3.147497742083935,1.8525122579160644
0.758,0.12432311863064882,0.6336768813693512
2.654,3.016024075656283,-0.3620240756562829
2.737,3.596249320739439,-0.8592493207394387
1.164,1.6299945447569826,-0.46599454475698265
0.594,1.1508522596573059,-0.5568522596573059
1.37,1.6350193819729526,-0.2650193819729525
1.192,0.32026284469550603,0.8717371553044939
2.442,2.731212550675366,-0.2892125506753658
1.7,1.9308335023737229,-0.2308335023737229
2.803,3.4729248044588132,-0.6699248044588133
2.85,3.1281595350759304,-0.2781595350759303
1.026,1.540170277203778,-0.514170277203778
1.205,0.7533805686339505,0.45161943136604954
3.616,2.875460155375137,0.740539844624863
4.553,3.9467611459290666,0.6062388540709334
2.134,2.211428404951505,-0.07742840495150505
1.58,2.692478244705754,-1.1124782447057537
2.17,2.185325932236694,-0.015325932236693873
0.637,0.4253874331457297,0.21161256685427032
2.443,3.1819798200782543,-0.7389798200782542
1.511,1.6004422752185476,-0.08944227521854775
1.108,1.3851760462799305,-0.2771760462799304
4.338,4.293830773202828,0.04416922679717228
0.729,1.1910916115155885,-0.46209161151558853
1.085,1.9772711772565472,-0.8922711772565473
4.526,4.151942685752914,0.37405731424708577
4.676,5.6441367095596675,-0.9681367095596674
2.633,1.9917457428060032,0.6412542571939968
2.668,2.2498391162988725,0.4181608837011277
5.00001,4.468770165723349,0.5312398342766507
0.723,1.1875111855194405,-0.4645111855194405
1.515,2.009402509723131,-0.49440250972313105
